-- phpMyAdmin SQL Dump
-- version 5.2.1
-- https://www.phpmyadmin.net/
--
-- Host: 127.0.0.1:3306
-- Generation Time: Mar 14, 2026 at 10:22 AM
-- Server version: 8.3.0
-- PHP Version: 8.2.18

SET SQL_MODE = "NO_AUTO_VALUE_ON_ZERO";
START TRANSACTION;
SET time_zone = "+00:00";


/*!40101 SET @OLD_CHARACTER_SET_CLIENT=@@CHARACTER_SET_CLIENT */;
/*!40101 SET @OLD_CHARACTER_SET_RESULTS=@@CHARACTER_SET_RESULTS */;
/*!40101 SET @OLD_COLLATION_CONNECTION=@@COLLATION_CONNECTION */;
/*!40101 SET NAMES utf8mb4 */;

--
-- Database: `hrm`
--

-- --------------------------------------------------------

--
-- Table structure for table `businesses`
--

DROP TABLE IF EXISTS `businesses`;
CREATE TABLE IF NOT EXISTS `businesses` (
  `id` bigint NOT NULL AUTO_INCREMENT,
  `owner_id` int NOT NULL COMMENT '''The user who registered the business''',
  `business_name` varchar(255) DEFAULT NULL,
  `business_type` varchar(255) DEFAULT NULL,
  `address` varchar(255) DEFAULT NULL,
  `city` varchar(255) DEFAULT NULL,
  `subscription_status` enum('trial','active','expired','cancelled') DEFAULT 'trial',
  `created_at` timestamp NULL DEFAULT NULL,
  `updated_at` timestamp NULL DEFAULT NULL,
  PRIMARY KEY (`id`)
) ENGINE=MyISAM DEFAULT CHARSET=utf8mb4 COLLATE=utf8mb4_0900_ai_ci;

-- --------------------------------------------------------

--
-- Table structure for table `cache`
--

DROP TABLE IF EXISTS `cache`;
CREATE TABLE IF NOT EXISTS `cache` (
  `key` varchar(191) CHARACTER SET utf8mb4 COLLATE utf8mb4_unicode_ci NOT NULL,
  `value` mediumtext CHARACTER SET utf8mb4 COLLATE utf8mb4_unicode_ci NOT NULL,
  `expiration` int NOT NULL,
  PRIMARY KEY (`key`)
) ENGINE=MyISAM DEFAULT CHARSET=utf8mb4 COLLATE=utf8mb4_unicode_ci;

--
-- Dumping data for table `cache`
--

INSERT INTO `cache` (`key`, `value`, `expiration`) VALUES
('laravel-cache-companySettings', 'a:29:{s:12:\"api_base_url\";s:33:\"https://rajasthandscservices.com/\";s:4:\"name\";s:12:\"Rajasthandsc\";s:5:\"appid\";s:12:\"Rajasthandsc\";s:9:\"image_url\";s:33:\"https://rajasthandscservices.com/\";s:8:\"logo_url\";s:52:\"https://rajasthandscservices.com/uploads/header_logo\";s:20:\"firebase_auth_domain\";s:27:\"tiara-adb0a.firebaseapp.com\";s:14:\"firbase_apiKey\";s:39:\"AIzaSyCCpefxXHckoxYQfEFEI0qpVokZ5HCRGMI\";s:9:\"copyright\";s:17:\"Rajasthandsc@2025\";s:8:\"x-apikey\";s:88:\"x/QjD7YtffAyWBb2ie/kgXpHobQNpP8e4Ts01nk/FHrDZioRMCS1AgHRorLUI/1uaguAqfsC3Ax9Eq7KKvhyAA==\";s:4:\"uuid\";s:36:\"0bb9497b-2681-49df-95d7-fbe44c983876\";s:8:\"db_state\";s:6:\"online\";s:7:\"emailid\";s:13:\"kamal@abc.com\";s:8:\"username\";s:6:\"bhudev\";s:8:\"password\";s:6:\"123456\";s:19:\"firebase_project_id\";s:11:\"tiara-adb0a\";s:23:\"firebase_storage_bucket\";s:31:\"tiara-adb0a.firebasestorage.app\";s:28:\"firebase_messaging_sender_id\";s:12:\"424284680643\";s:15:\"firebase_app_id\";s:41:\"1:424284680643:web:8e3b6bc8067073cf0b8d76\";s:23:\"firebase_measurement_id\";s:12:\"G-B0FQY3FCD1\";s:12:\"company_city\";s:7:\"vadodra\";s:15:\"company_favicon\";s:61:\"company/favicons/V186uY0XSv86U3gIU6vCNbEZydisDrKIGLVtaFX4.png\";s:12:\"company_name\";s:6:\"Bhudev\";s:13:\"company_email\";s:16:\"bhudev@gmail.com\";s:15:\"company_address\";s:5:\"janta\";s:15:\"company_website\";s:33:\"https://rajasthandscservices.com/\";s:12:\"company_logo\";s:58:\"company/logos/g1T7P6IvdyNXh77OESrRN5Op6pWPQstHWrbHm33E.png\";s:13:\"company_phone\";s:10:\"8952939854\";s:13:\"company_state\";s:6:\"gujrat\";s:15:\"company_country\";s:0:\"\";}', 2088843265);

-- --------------------------------------------------------

--
-- Table structure for table `cache_locks`
--

DROP TABLE IF EXISTS `cache_locks`;
CREATE TABLE IF NOT EXISTS `cache_locks` (
  `key` varchar(191) CHARACTER SET utf8mb4 COLLATE utf8mb4_unicode_ci NOT NULL,
  `owner` varchar(191) CHARACTER SET utf8mb4 COLLATE utf8mb4_unicode_ci NOT NULL,
  `expiration` int NOT NULL,
  PRIMARY KEY (`key`)
) ENGINE=MyISAM DEFAULT CHARSET=utf8mb4 COLLATE=utf8mb4_unicode_ci;

-- --------------------------------------------------------

--
-- Table structure for table `countries`
--

DROP TABLE IF EXISTS `countries`;
CREATE TABLE IF NOT EXISTS `countries` (
  `id` bigint UNSIGNED NOT NULL AUTO_INCREMENT,
  `name` varchar(255) CHARACTER SET utf8mb4 COLLATE utf8mb4_unicode_ci NOT NULL,
  `country_code` varchar(11) CHARACTER SET utf8mb4 COLLATE utf8mb4_unicode_ci DEFAULT NULL,
  `iso_code` varchar(255) CHARACTER SET utf8mb4 COLLATE utf8mb4_unicode_ci DEFAULT NULL,
  `created_at` timestamp NULL DEFAULT NULL,
  `updated_at` timestamp NULL DEFAULT NULL,
  `status` enum('0','1') CHARACTER SET utf8mb4 COLLATE utf8mb4_unicode_ci DEFAULT '0',
  PRIMARY KEY (`id`)
) ENGINE=InnoDB AUTO_INCREMENT=251 DEFAULT CHARSET=utf8mb4 COLLATE=utf8mb4_unicode_ci;

--
-- Dumping data for table `countries`
--

INSERT INTO `countries` (`id`, `name`, `country_code`, `iso_code`, `created_at`, `updated_at`, `status`) VALUES
(1, 'Afghanistan', '+93', 'AF', NULL, NULL, '0'),
(2, 'Åland Islands', '+35818', 'AX', NULL, NULL, '0'),
(3, 'Albania', '+355', 'AL', NULL, NULL, '0'),
(4, 'Algeria', '+213', 'DZ', NULL, NULL, '0'),
(5, 'American Samoa', '+1684', 'AS', NULL, NULL, '0'),
(6, 'Andorra', '+376', 'AD', NULL, NULL, '0'),
(7, 'Angola', '+244', 'AO', NULL, NULL, '0'),
(8, 'Anguilla', '+1264', 'AI', NULL, NULL, '0'),
(9, 'Antarctica', '', 'AQ', NULL, NULL, '0'),
(10, 'Antigua and Barbuda', '+1268', 'AG', NULL, NULL, '0'),
(11, 'Argentina', '+54', 'AR', NULL, NULL, '0'),
(12, 'Armenia', '+374', 'AM', NULL, NULL, '0'),
(13, 'Aruba', '+297', 'AW', NULL, NULL, '0'),
(14, 'Australia', '+61', 'AU', NULL, NULL, '0'),
(15, 'Austria', '+43', 'AT', NULL, NULL, '0'),
(16, 'Azerbaijan', '+994', 'AZ', NULL, NULL, '0'),
(17, 'Bahamas', '+1242', 'BS', NULL, NULL, '0'),
(18, 'Bahrain', '+973', 'BH', NULL, NULL, '0'),
(19, 'Bangladesh', '+880', 'BD', NULL, NULL, '0'),
(20, 'Barbados', '+1246', 'BB', NULL, NULL, '0'),
(21, 'Belarus', '+375', 'BY', NULL, NULL, '0'),
(22, 'Belgium', '+32', 'BE', NULL, NULL, '0'),
(23, 'Belau', '+680', 'PW', NULL, NULL, '0'),
(24, 'Belize', '+501', 'BZ', NULL, NULL, '0'),
(25, 'Benin', '+229', 'BJ', NULL, NULL, '0'),
(26, 'Bermuda', '+1441', 'BM', NULL, NULL, '0'),
(27, 'Bhutan', '+975', 'BT', NULL, NULL, '0'),
(28, 'Bolivia', '+591', 'BO', NULL, NULL, '0'),
(29, 'Bonaire, Saint Eustatius and Saba', '+599', 'BQ', NULL, NULL, '0'),
(30, 'Bosnia and Herzegovina', '+387', 'BA', NULL, NULL, '0'),
(31, 'Botswana', '+267', 'BW', NULL, NULL, '0'),
(32, 'Bouvet Island', '', 'BV', NULL, NULL, '0'),
(33, 'Brazil', '+55', 'BR', NULL, NULL, '0'),
(34, 'British Indian Ocean Territory', '+246', 'IO', NULL, NULL, '0'),
(35, 'Brunei', '+673', 'BN', NULL, NULL, '0'),
(36, 'Bulgaria', '+359', 'BG', NULL, NULL, '0'),
(37, 'Burkina Faso', '+226', 'BF', NULL, NULL, '0'),
(38, 'Burundi', '+257', 'BI', NULL, NULL, '0'),
(39, 'Cambodia', '+855', 'KH', NULL, NULL, '0'),
(40, 'Cameroon', '+237', 'CM', NULL, NULL, '0'),
(41, 'Canada', '+1', 'CA', NULL, NULL, '0'),
(42, 'Cape Verde', '+238', 'CV', NULL, NULL, '0'),
(43, 'Cayman Islands', '+1345', 'KY', NULL, NULL, '0'),
(44, 'Central African Republic', '+236', 'CF', NULL, NULL, '0'),
(45, 'Chad', '+235', 'TD', NULL, NULL, '0'),
(46, 'Chile', '+56', 'CL', NULL, NULL, '0'),
(47, 'China', '+86', 'CN', NULL, NULL, '0'),
(48, 'Christmas Island', '+61', 'CX', NULL, NULL, '0'),
(49, 'Cocos (Keeling) Islands', '+61', 'CC', NULL, NULL, '0'),
(50, 'Colombia', '+57', 'CO', NULL, NULL, '0'),
(51, 'Comoros', '+269', 'KM', NULL, NULL, '0'),
(52, 'Congo (Brazzaville)', '+242', 'CG', NULL, NULL, '0'),
(53, 'Congo (Kinshasa)', '+243', 'CD', NULL, NULL, '0'),
(54, 'Cook Islands', '+682', 'CK', NULL, NULL, '0'),
(55, 'Costa Rica', '+506', 'CR', NULL, NULL, '0'),
(56, 'Croatia', '+385', 'HR', NULL, NULL, '0'),
(57, 'Cuba', '+53', 'CU', NULL, NULL, '0'),
(58, 'Cura&ccedil;ao', '+599', 'CW', NULL, NULL, '0'),
(59, 'Cyprus', '+357', 'CY', NULL, NULL, '0'),
(60, 'Czech Republic', '+420', 'CZ', NULL, NULL, '0'),
(61, 'Denmark', '+45', 'DK', NULL, NULL, '0'),
(62, 'Djibouti', '+253', 'DJ', NULL, NULL, '0'),
(63, 'Dominica', '+1767', 'DM', NULL, NULL, '0'),
(64, 'Dominican Republic', '+1809', 'DO', NULL, NULL, '0'),
(65, 'Ecuador', '+593', 'EC', NULL, NULL, '0'),
(66, 'Egypt', '+20', 'EG', NULL, NULL, '0'),
(67, 'El Salvador', '+503', 'SV', NULL, NULL, '0'),
(68, 'Equatorial Guinea', '+240', 'GQ', NULL, NULL, '0'),
(69, 'Eritrea', '+291', 'ER', NULL, NULL, '0'),
(70, 'Estonia', '+372', 'EE', NULL, NULL, '0'),
(71, 'Ethiopia', '+251', 'ET', NULL, NULL, '0'),
(72, 'Falkland Islands', '+500', 'FK', NULL, NULL, '0'),
(73, 'Faroe Islands', '+298', 'FO', NULL, NULL, '0'),
(74, 'Fiji', '+679', 'FJ', NULL, NULL, '0'),
(75, 'Finland', '+358', 'FI', NULL, NULL, '0'),
(76, 'France', '+33', 'FR', NULL, NULL, '0'),
(77, 'French Guiana', '+594', 'GF', NULL, NULL, '0'),
(78, 'French Polynesia', '+689', 'PF', NULL, NULL, '0'),
(79, 'French Southern Territories', '', 'TF', NULL, NULL, '0'),
(80, 'Gabon', '+241', 'GA', NULL, NULL, '0'),
(81, 'Gambia', '+220', 'GM', NULL, NULL, '0'),
(82, 'Georgia', '+995', 'GE', NULL, NULL, '0'),
(83, 'Germany', '+49', 'DE', NULL, NULL, '0'),
(84, 'Ghana', '+233', 'GH', NULL, NULL, '0'),
(85, 'Gibraltar', '+350', 'GI', NULL, NULL, '0'),
(86, 'Greece', '+30', 'GR', NULL, NULL, '0'),
(87, 'Greenland', '+299', 'GL', NULL, NULL, '0'),
(88, 'Grenada', '+1473', 'GD', NULL, NULL, '0'),
(89, 'Guadeloupe', '+590', 'GP', NULL, NULL, '0'),
(90, 'Guam', '+1671', 'GU', NULL, NULL, '0'),
(91, 'Guatemala', '+502', 'GT', NULL, NULL, '0'),
(92, 'Guernsey', '+441481', 'GG', NULL, NULL, '0'),
(93, 'Guinea', '+224', 'GN', NULL, NULL, '0'),
(94, 'Guinea-Bissau', '+245', 'GW', NULL, NULL, '0'),
(95, 'Guyana', '+592', 'GY', NULL, NULL, '0'),
(96, 'Haiti', '+509', 'HT', NULL, NULL, '0'),
(97, 'Heard Island and McDonald Islands', '', 'HM', NULL, NULL, '0'),
(98, 'Honduras', '+504', 'HN', NULL, NULL, '0'),
(99, 'Hong Kong', '+852', 'HK', NULL, NULL, '0'),
(100, 'Hungary', '+36', 'HU', NULL, NULL, '0'),
(101, 'Iceland', '+354', 'IS', NULL, NULL, '0'),
(102, 'India', '+91', 'IN', NULL, NULL, '0'),
(103, 'Indonesia', '+62', 'ID', NULL, NULL, '0'),
(104, 'Iran', '+98', 'IR', NULL, NULL, '0'),
(105, 'Iraq', '+964', 'IQ', NULL, NULL, '0'),
(106, 'Ireland', '+353', 'IE', NULL, NULL, '0'),
(107, 'Isle of Man', '+441624', 'IM', NULL, NULL, '0'),
(108, 'Israel', '+972', 'IL', NULL, NULL, '0'),
(109, 'Italy', '+39', 'IT', NULL, NULL, '0'),
(110, 'Ivory Coast', '+225', 'CI', NULL, NULL, '0'),
(111, 'Jamaica', '+1876', 'JM', NULL, NULL, '0'),
(112, 'Japan', '+81', 'JP', NULL, NULL, '0'),
(113, 'Jersey', '+441534', 'JE', NULL, NULL, '0'),
(114, 'Jordan', '+962', 'JO', NULL, NULL, '0'),
(115, 'Kazakhstan', '+7', 'KZ', NULL, NULL, '0'),
(116, 'Kenya', '+254', 'KE', NULL, NULL, '0'),
(117, 'Kiribati', '+686', 'KI', NULL, NULL, '0'),
(118, 'Kosovo', '+383', 'XK', NULL, NULL, '0'),
(119, 'Kuwait', '+965', 'KW', NULL, NULL, '0'),
(120, 'Kyrgyzstan', '+996', 'KG', NULL, NULL, '0'),
(121, 'Laos', '+856', 'LA', NULL, NULL, '0'),
(122, 'Latvia', '+371', 'LV', NULL, NULL, '0'),
(123, 'Lebanon', '+961', 'LB', NULL, NULL, '0'),
(124, 'Lesotho', '+266', 'LS', NULL, NULL, '0'),
(125, 'Liberia', '+231', 'LR', NULL, NULL, '0'),
(126, 'Libya', '+218', 'LY', NULL, NULL, '0'),
(127, 'Liechtenstein', '+423', 'LI', NULL, NULL, '0'),
(128, 'Lithuania', '+370', 'LT', NULL, NULL, '0'),
(129, 'Luxembourg', '+352', 'LU', NULL, NULL, '0'),
(130, 'Macao', '+853', 'MO', NULL, NULL, '0'),
(131, 'North Macedonia', '+389', 'MK', NULL, NULL, '0'),
(132, 'Madagascar', '+261', 'MG', NULL, NULL, '0'),
(133, 'Malawi', '+265', 'MW', NULL, NULL, '0'),
(134, 'Malaysia', '+60', 'MY', NULL, NULL, '0'),
(135, 'Maldives', '+960', 'MV', NULL, NULL, '0'),
(136, 'Mali', '+223', 'ML', NULL, NULL, '0'),
(137, 'Malta', '+356', 'MT', NULL, NULL, '0'),
(138, 'Marshall Islands', '+692', 'MH', NULL, NULL, '0'),
(139, 'Martinique', '+596', 'MQ', NULL, NULL, '0'),
(140, 'Mauritania', '+222', 'MR', NULL, NULL, '0'),
(141, 'Mauritius', '+230', 'MU', NULL, NULL, '0'),
(142, 'Mayotte', '+262', 'YT', NULL, NULL, '0'),
(143, 'Mexico', '+52', 'MX', NULL, NULL, '0'),
(144, 'Micronesia', '+691', 'FM', NULL, NULL, '0'),
(145, 'Moldova', '+373', 'MD', NULL, NULL, '0'),
(146, 'Monaco', '+377', 'MC', NULL, NULL, '0'),
(147, 'Mongolia', '+976', 'MN', NULL, NULL, '0'),
(148, 'Montenegro', '+382', 'ME', NULL, NULL, '0'),
(149, 'Montserrat', '+1664', 'MS', NULL, NULL, '0'),
(150, 'Morocco', '+212', 'MA', NULL, NULL, '0'),
(151, 'Mozambique', '+258', 'MZ', NULL, NULL, '0'),
(152, 'Myanmar', '+95', 'MM', NULL, NULL, '0'),
(153, 'Namibia', '+264', 'NA', NULL, NULL, '0'),
(154, 'Nauru', '+674', 'NR', NULL, NULL, '0'),
(155, 'Nepal', '+977', 'NP', NULL, NULL, '0'),
(156, 'Netherlands', '+31', 'NL', NULL, NULL, '0'),
(157, 'New Caledonia', '+687', 'NC', NULL, NULL, '0'),
(158, 'New Zealand', '+64', 'NZ', NULL, NULL, '0'),
(159, 'Nicaragua', '+505', 'NI', NULL, NULL, '0'),
(160, 'Niger', '+227', 'NE', NULL, NULL, '0'),
(161, 'Nigeria', '+234', 'NG', NULL, NULL, '0'),
(162, 'Niue', '+683', 'NU', NULL, NULL, '0'),
(163, 'Norfolk Island', '+672', 'NF', NULL, NULL, '0'),
(164, 'Northern Mariana Islands', '+1670', 'MP', NULL, NULL, '0'),
(165, 'North Korea', '+850', 'KP', NULL, NULL, '0'),
(166, 'Norway', '+47', 'NO', NULL, NULL, '0'),
(167, 'Oman', '+968', 'OM', NULL, NULL, '0'),
(168, 'Pakistan', '+92', 'PK', NULL, NULL, '0'),
(169, 'Palestinian Territory', '+970', 'PS', NULL, NULL, '0'),
(170, 'Panama', '+507', 'PA', NULL, NULL, '0'),
(171, 'Papua New Guinea', '+675', 'PG', NULL, NULL, '0'),
(172, 'Paraguay', '+595', 'PY', NULL, NULL, '0'),
(173, 'Peru', '+51', 'PE', NULL, NULL, '0'),
(174, 'Philippines', '+63', 'PH', NULL, NULL, '0'),
(175, 'Pitcairn', '+870', 'PN', NULL, NULL, '0'),
(176, 'Poland', '+48', 'PL', NULL, NULL, '0'),
(177, 'Portugal', '+351', 'PT', NULL, NULL, '0'),
(178, 'Puerto Rico', '+1787', 'PR', NULL, NULL, '0'),
(179, 'Qatar', '+974', 'QA', NULL, NULL, '0'),
(180, 'Reunion', '+262', 'RE', NULL, NULL, '0'),
(181, 'Romania', '+40', 'RO', NULL, NULL, '0'),
(182, 'Russia', '+7', 'RU', NULL, NULL, '0'),
(183, 'Rwanda', '+250', 'RW', NULL, NULL, '0'),
(184, 'Saint Barth&eacute;lemy', '+590', 'BL', NULL, NULL, '0'),
(185, 'Saint Helena', '+290', 'SH', NULL, NULL, '0'),
(186, 'Saint Kitts and Nevis', '+1869', 'KN', NULL, NULL, '0'),
(187, 'Saint Lucia', '+1758', 'LC', NULL, NULL, '0'),
(188, 'Saint Martin (French part)', '+590', 'MF', NULL, NULL, '0'),
(189, 'Saint Martin (Dutch part)', '+599', 'SX', NULL, NULL, '0'),
(190, 'Saint Pierre and Miquelon', '+508', 'PM', NULL, NULL, '0'),
(191, 'Saint Vincent and the Grenadines', '+1784', 'VC', NULL, NULL, '0'),
(192, 'San Marino', '+378', 'SM', NULL, NULL, '0'),
(193, 'S&atilde;o Tom&eacute; and Pr&iacute;ncipe', '+239', 'ST', NULL, NULL, '0'),
(194, 'Saudi Arabia', '+966', 'SA', NULL, NULL, '0'),
(195, 'Senegal', '+221', 'SN', NULL, NULL, '0'),
(196, 'Serbia', '+381', 'RS', NULL, NULL, '0'),
(197, 'Seychelles', '+248', 'SC', NULL, NULL, '0'),
(198, 'Sierra Leone', '+232', 'SL', NULL, NULL, '0'),
(199, 'Singapore', '+65', 'SG', NULL, NULL, '0'),
(200, 'Slovakia', '+421', 'SK', NULL, NULL, '0'),
(201, 'Slovenia', '+386', 'SI', NULL, NULL, '0'),
(202, 'Solomon Islands', '+677', 'SB', NULL, NULL, '0'),
(203, 'Somalia', '+252', 'SO', NULL, NULL, '0'),
(204, 'South Africa', '+27', 'ZA', NULL, NULL, '0'),
(205, 'South Georgia/Sandwich Islands', '', 'GS', NULL, NULL, '0'),
(206, 'South Korea', '+82', 'KR', NULL, NULL, '0'),
(207, 'South Sudan', '+211', 'SS', NULL, NULL, '0'),
(208, 'Spain', '+34', 'ES', NULL, NULL, '0'),
(209, 'Sri Lanka', '+94', 'LK', NULL, NULL, '0'),
(210, 'Sudan', '+249', 'SD', NULL, NULL, '0'),
(211, 'Suriname', '+597', 'SR', NULL, NULL, '0'),
(212, 'Svalbard and Jan Mayen', '+47', 'SJ', NULL, NULL, '0'),
(213, 'Eswatini', '+268', 'SZ', NULL, NULL, '0'),
(214, 'Sweden', '+46', 'SE', NULL, NULL, '0'),
(215, 'Switzerland', '+41', 'CH', NULL, NULL, '0'),
(216, 'Syria', '+963', 'SY', NULL, NULL, '0'),
(217, 'Taiwan', '+886', 'TW', NULL, NULL, '0'),
(218, 'Tajikistan', '+992', 'TJ', NULL, NULL, '0'),
(219, 'Tanzania', '+255', 'TZ', NULL, NULL, '0'),
(220, 'Thailand', '+66', 'TH', NULL, NULL, '0'),
(221, 'Timor-Leste', '+670', 'TL', NULL, NULL, '0'),
(222, 'Togo', '+228', 'TG', NULL, NULL, '0'),
(223, 'Tokelau', '+690', 'TK', NULL, NULL, '0'),
(224, 'Tonga', '+676', 'TO', NULL, NULL, '0'),
(225, 'Trinidad and Tobago', '+1868', 'TT', NULL, NULL, '0'),
(226, 'Tunisia', '+216', 'TN', NULL, NULL, '0'),
(227, 'Türkiye', '+90', 'TR', NULL, NULL, '0'),
(228, 'Turkmenistan', '+993', 'TM', NULL, NULL, '0'),
(229, 'Turks and Caicos Islands', '+1649', 'TC', NULL, NULL, '0'),
(230, 'Tuvalu', '+688', 'TV', NULL, NULL, '0'),
(231, 'Uganda', '+256', 'UG', NULL, NULL, '0'),
(232, 'Ukraine', '+380', 'UA', NULL, NULL, '0'),
(233, 'United Arab Emirates', '+971', 'AE', NULL, NULL, '0'),
(234, 'United Kingdom (UK)', '+44', 'GB', NULL, NULL, '1'),
(235, 'United States (US)', '+1', 'US', NULL, NULL, '0'),
(236, 'United States (US) Minor Outlying Islands', '+1', 'UM', NULL, NULL, '0'),
(237, 'Uruguay', '+598', 'UY', NULL, NULL, '0'),
(238, 'Uzbekistan', '+998', 'UZ', NULL, NULL, '0'),
(239, 'Vanuatu', '+678', 'VU', NULL, NULL, '0'),
(240, 'Vatican', '+379', 'VA', NULL, NULL, '0'),
(241, 'Venezuela', '+58', 'VE', NULL, NULL, '0'),
(242, 'Vietnam', '+84', 'VN', NULL, NULL, '0'),
(243, 'Virgin Islands (British)', '+1284', 'VG', NULL, NULL, '0'),
(244, 'Virgin Islands (US)', '+1340', 'VI', NULL, NULL, '0'),
(245, 'Wallis and Futuna', '+681', 'WF', NULL, NULL, '0'),
(246, 'Western Sahara', '+212', 'EH', NULL, NULL, '0'),
(247, 'Samoa', '+685', 'WS', NULL, NULL, '0'),
(248, 'Yemen', '+967', 'YE', NULL, NULL, '0'),
(249, 'Zambia', '+260', 'ZM', NULL, NULL, '0'),
(250, 'Zimbabwe', '+263', 'ZW', NULL, NULL, '0');

-- --------------------------------------------------------

--
-- Table structure for table `email_settings`
--

DROP TABLE IF EXISTS `email_settings`;
CREATE TABLE IF NOT EXISTS `email_settings` (
  `id` bigint UNSIGNED NOT NULL AUTO_INCREMENT,
  `smtp_host` varchar(191) CHARACTER SET utf8mb4 COLLATE utf8mb4_unicode_ci NOT NULL,
  `smtp_port` varchar(191) CHARACTER SET utf8mb4 COLLATE utf8mb4_unicode_ci NOT NULL,
  `smtp_username` varchar(191) CHARACTER SET utf8mb4 COLLATE utf8mb4_unicode_ci NOT NULL,
  `smtp_password` varchar(191) CHARACTER SET utf8mb4 COLLATE utf8mb4_unicode_ci NOT NULL,
  `smtp_encryption` varchar(191) CHARACTER SET utf8mb4 COLLATE utf8mb4_unicode_ci DEFAULT NULL,
  `from_address` varchar(191) CHARACTER SET utf8mb4 COLLATE utf8mb4_unicode_ci NOT NULL,
  `from_name` varchar(191) CHARACTER SET utf8mb4 COLLATE utf8mb4_unicode_ci NOT NULL,
  `created_at` timestamp NULL DEFAULT NULL,
  `updated_at` timestamp NULL DEFAULT NULL,
  PRIMARY KEY (`id`)
) ENGINE=MyISAM DEFAULT CHARSET=utf8mb4 COLLATE=utf8mb4_unicode_ci;

-- --------------------------------------------------------

--
-- Table structure for table `failed_jobs`
--

DROP TABLE IF EXISTS `failed_jobs`;
CREATE TABLE IF NOT EXISTS `failed_jobs` (
  `id` bigint UNSIGNED NOT NULL AUTO_INCREMENT,
  `uuid` varchar(191) CHARACTER SET utf8mb4 COLLATE utf8mb4_unicode_ci NOT NULL,
  `connection` text CHARACTER SET utf8mb4 COLLATE utf8mb4_unicode_ci NOT NULL,
  `queue` text CHARACTER SET utf8mb4 COLLATE utf8mb4_unicode_ci NOT NULL,
  `payload` longtext CHARACTER SET utf8mb4 COLLATE utf8mb4_unicode_ci NOT NULL,
  `exception` longtext CHARACTER SET utf8mb4 COLLATE utf8mb4_unicode_ci NOT NULL,
  `failed_at` timestamp NOT NULL DEFAULT CURRENT_TIMESTAMP,
  PRIMARY KEY (`id`),
  UNIQUE KEY `failed_jobs_uuid_unique` (`uuid`)
) ENGINE=MyISAM DEFAULT CHARSET=utf8mb4 COLLATE=utf8mb4_unicode_ci;

-- --------------------------------------------------------

--
-- Table structure for table `jobs`
--

DROP TABLE IF EXISTS `jobs`;
CREATE TABLE IF NOT EXISTS `jobs` (
  `id` bigint UNSIGNED NOT NULL AUTO_INCREMENT,
  `queue` varchar(191) CHARACTER SET utf8mb4 COLLATE utf8mb4_unicode_ci NOT NULL,
  `payload` longtext CHARACTER SET utf8mb4 COLLATE utf8mb4_unicode_ci NOT NULL,
  `attempts` tinyint UNSIGNED NOT NULL,
  `reserved_at` int UNSIGNED DEFAULT NULL,
  `available_at` int UNSIGNED NOT NULL,
  `created_at` int UNSIGNED NOT NULL,
  PRIMARY KEY (`id`),
  KEY `jobs_queue_index` (`queue`)
) ENGINE=MyISAM DEFAULT CHARSET=utf8mb4 COLLATE=utf8mb4_unicode_ci;

-- --------------------------------------------------------

--
-- Table structure for table `job_batches`
--

DROP TABLE IF EXISTS `job_batches`;
CREATE TABLE IF NOT EXISTS `job_batches` (
  `id` varchar(191) CHARACTER SET utf8mb4 COLLATE utf8mb4_unicode_ci NOT NULL,
  `name` varchar(191) CHARACTER SET utf8mb4 COLLATE utf8mb4_unicode_ci NOT NULL,
  `total_jobs` int NOT NULL,
  `pending_jobs` int NOT NULL,
  `failed_jobs` int NOT NULL,
  `failed_job_ids` longtext CHARACTER SET utf8mb4 COLLATE utf8mb4_unicode_ci NOT NULL,
  `options` mediumtext CHARACTER SET utf8mb4 COLLATE utf8mb4_unicode_ci,
  `cancelled_at` int DEFAULT NULL,
  `created_at` int NOT NULL,
  `finished_at` int DEFAULT NULL,
  PRIMARY KEY (`id`)
) ENGINE=MyISAM DEFAULT CHARSET=utf8mb4 COLLATE=utf8mb4_unicode_ci;

-- --------------------------------------------------------

--
-- Table structure for table `migrations`
--

DROP TABLE IF EXISTS `migrations`;
CREATE TABLE IF NOT EXISTS `migrations` (
  `id` int UNSIGNED NOT NULL AUTO_INCREMENT,
  `migration` varchar(191) CHARACTER SET utf8mb4 COLLATE utf8mb4_unicode_ci NOT NULL,
  `batch` int NOT NULL,
  PRIMARY KEY (`id`)
) ENGINE=MyISAM AUTO_INCREMENT=8 DEFAULT CHARSET=utf8mb4 COLLATE=utf8mb4_unicode_ci;

--
-- Dumping data for table `migrations`
--

INSERT INTO `migrations` (`id`, `migration`, `batch`) VALUES
(1, '0001_01_01_000000_create_users_table', 1),
(2, '0001_01_01_000001_create_cache_table', 1),
(3, '0001_01_01_000002_create_jobs_table', 1),
(4, '2025_09_27_110755_create_settings_table', 1),
(5, '2025_10_01_073715_create_email_settings_table', 1),
(6, '2025_12_31_102021_create_permission_tables', 1),
(7, '2026_01_22_063827_create_binary_trees_table', 2);

-- --------------------------------------------------------

--
-- Table structure for table `model_has_permissions`
--

DROP TABLE IF EXISTS `model_has_permissions`;
CREATE TABLE IF NOT EXISTS `model_has_permissions` (
  `permission_id` bigint UNSIGNED NOT NULL,
  `model_type` varchar(191) CHARACTER SET utf8mb4 COLLATE utf8mb4_unicode_ci NOT NULL,
  `model_id` bigint UNSIGNED NOT NULL,
  PRIMARY KEY (`permission_id`,`model_id`,`model_type`),
  KEY `model_has_permissions_model_id_model_type_index` (`model_id`,`model_type`)
) ENGINE=InnoDB DEFAULT CHARSET=utf8mb4 COLLATE=utf8mb4_unicode_ci;

-- --------------------------------------------------------

--
-- Table structure for table `model_has_roles`
--

DROP TABLE IF EXISTS `model_has_roles`;
CREATE TABLE IF NOT EXISTS `model_has_roles` (
  `role_id` bigint UNSIGNED NOT NULL,
  `model_type` varchar(191) CHARACTER SET utf8mb4 COLLATE utf8mb4_unicode_ci NOT NULL,
  `model_id` bigint UNSIGNED NOT NULL,
  PRIMARY KEY (`role_id`,`model_id`,`model_type`),
  KEY `model_has_roles_model_id_model_type_index` (`model_id`,`model_type`)
) ENGINE=InnoDB DEFAULT CHARSET=utf8mb4 COLLATE=utf8mb4_unicode_ci;

--
-- Dumping data for table `model_has_roles`
--

INSERT INTO `model_has_roles` (`role_id`, `model_type`, `model_id`) VALUES
(3, 'App\\Models\\User', 2),
(3, 'App\\Models\\User', 3),
(3, 'App\\Models\\User', 4),
(3, 'App\\Models\\User', 5),
(3, 'App\\Models\\User', 6),
(3, 'App\\Models\\User', 7),
(4, 'App\\Models\\User', 8);

-- --------------------------------------------------------

--
-- Table structure for table `password_reset_tokens`
--

DROP TABLE IF EXISTS `password_reset_tokens`;
CREATE TABLE IF NOT EXISTS `password_reset_tokens` (
  `email` varchar(191) CHARACTER SET utf8mb4 COLLATE utf8mb4_unicode_ci NOT NULL,
  `token` varchar(191) CHARACTER SET utf8mb4 COLLATE utf8mb4_unicode_ci NOT NULL,
  `created_at` timestamp NULL DEFAULT NULL,
  PRIMARY KEY (`email`)
) ENGINE=MyISAM DEFAULT CHARSET=utf8mb4 COLLATE=utf8mb4_unicode_ci;

-- --------------------------------------------------------

--
-- Table structure for table `payments`
--

DROP TABLE IF EXISTS `payments`;
CREATE TABLE IF NOT EXISTS `payments` (
  `id` int NOT NULL AUTO_INCREMENT,
  `payment_id` varchar(255) DEFAULT NULL,
  `order_id` int DEFAULT NULL,
  `user_id` int DEFAULT NULL,
  `amount` decimal(10,2) DEFAULT NULL,
  `currency` varchar(255) NOT NULL DEFAULT 'INR',
  `payment_method` varchar(255) DEFAULT 'cash',
  `payment_details` json DEFAULT NULL,
  `status` varchar(255) NOT NULL DEFAULT 'pending',
  `notes` varchar(255) DEFAULT NULL,
  `paid_at` timestamp NULL DEFAULT NULL,
  `created_at` datetime NOT NULL DEFAULT CURRENT_TIMESTAMP,
  `updated_at` datetime NOT NULL ON UPDATE CURRENT_TIMESTAMP,
  PRIMARY KEY (`id`)
) ENGINE=MyISAM DEFAULT CHARSET=utf8mb4 COLLATE=utf8mb4_0900_ai_ci;

-- --------------------------------------------------------

--
-- Table structure for table `permissions`
--

DROP TABLE IF EXISTS `permissions`;
CREATE TABLE IF NOT EXISTS `permissions` (
  `id` bigint UNSIGNED NOT NULL AUTO_INCREMENT,
  `name` varchar(191) CHARACTER SET utf8mb4 COLLATE utf8mb4_unicode_ci NOT NULL,
  `guard_name` varchar(191) CHARACTER SET utf8mb4 COLLATE utf8mb4_unicode_ci NOT NULL,
  `created_at` timestamp NULL DEFAULT NULL,
  `updated_at` timestamp NULL DEFAULT NULL,
  PRIMARY KEY (`id`),
  UNIQUE KEY `permissions_name_guard_name_unique` (`name`,`guard_name`)
) ENGINE=InnoDB AUTO_INCREMENT=4 DEFAULT CHARSET=utf8mb4 COLLATE=utf8mb4_unicode_ci;

--
-- Dumping data for table `permissions`
--

INSERT INTO `permissions` (`id`, `name`, `guard_name`, `created_at`, `updated_at`) VALUES
(1, 'view dashboard', 'web', '2025-12-31 05:10:05', '2025-12-31 05:10:05'),
(2, 'manage users', 'web', '2025-12-31 05:10:05', '2025-12-31 05:10:05'),
(3, 'edit settings', 'web', '2025-12-31 05:12:22', '2025-12-31 05:12:22');

-- --------------------------------------------------------

--
-- Table structure for table `roles`
--

DROP TABLE IF EXISTS `roles`;
CREATE TABLE IF NOT EXISTS `roles` (
  `id` bigint UNSIGNED NOT NULL AUTO_INCREMENT,
  `name` varchar(191) CHARACTER SET utf8mb4 COLLATE utf8mb4_unicode_ci NOT NULL,
  `guard_name` varchar(191) CHARACTER SET utf8mb4 COLLATE utf8mb4_unicode_ci NOT NULL,
  `created_at` timestamp NULL DEFAULT NULL,
  `updated_at` timestamp NULL DEFAULT NULL,
  PRIMARY KEY (`id`),
  UNIQUE KEY `roles_name_guard_name_unique` (`name`,`guard_name`)
) ENGINE=InnoDB AUTO_INCREMENT=6 DEFAULT CHARSET=utf8mb4 COLLATE=utf8mb4_unicode_ci;

--
-- Dumping data for table `roles`
--

INSERT INTO `roles` (`id`, `name`, `guard_name`, `created_at`, `updated_at`) VALUES
(1, 'superadmin', 'web', '2025-12-31 05:10:05', '2025-12-31 05:10:05'),
(2, 'user', 'web', '2025-12-31 05:10:05', '2025-12-31 05:10:05'),
(3, 'member', 'web', '2025-12-31 05:10:05', '2025-12-31 05:10:05'),
(4, 'employee', 'web', '2025-12-31 05:10:05', '2025-12-31 05:10:05'),
(5, 'business_owner', 'web', '2025-12-31 05:10:05', '2025-12-31 05:10:05');

-- --------------------------------------------------------

--
-- Table structure for table `role_has_permissions`
--

DROP TABLE IF EXISTS `role_has_permissions`;
CREATE TABLE IF NOT EXISTS `role_has_permissions` (
  `permission_id` bigint UNSIGNED NOT NULL,
  `role_id` bigint UNSIGNED NOT NULL,
  PRIMARY KEY (`permission_id`,`role_id`),
  KEY `role_has_permissions_role_id_foreign` (`role_id`)
) ENGINE=InnoDB DEFAULT CHARSET=utf8mb4 COLLATE=utf8mb4_unicode_ci;

--
-- Dumping data for table `role_has_permissions`
--

INSERT INTO `role_has_permissions` (`permission_id`, `role_id`) VALUES
(1, 1),
(2, 1),
(3, 1);

-- --------------------------------------------------------

--
-- Table structure for table `sessions`
--

DROP TABLE IF EXISTS `sessions`;
CREATE TABLE IF NOT EXISTS `sessions` (
  `id` varchar(191) CHARACTER SET utf8mb4 COLLATE utf8mb4_unicode_ci NOT NULL,
  `user_id` bigint UNSIGNED DEFAULT NULL,
  `ip_address` varchar(45) CHARACTER SET utf8mb4 COLLATE utf8mb4_unicode_ci DEFAULT NULL,
  `user_agent` text CHARACTER SET utf8mb4 COLLATE utf8mb4_unicode_ci,
  `payload` longtext CHARACTER SET utf8mb4 COLLATE utf8mb4_unicode_ci NOT NULL,
  `last_activity` int NOT NULL,
  PRIMARY KEY (`id`),
  KEY `sessions_user_id_index` (`user_id`),
  KEY `sessions_last_activity_index` (`last_activity`)
) ENGINE=MyISAM DEFAULT CHARSET=utf8mb4 COLLATE=utf8mb4_unicode_ci;

--
-- Dumping data for table `sessions`
--

INSERT INTO `sessions` (`id`, `user_id`, `ip_address`, `user_agent`, `payload`, `last_activity`) VALUES
('F9jHU2j1Z5VLf1gYk73xpKmjs5hqKSY0sqSpbxBn', 1, '127.0.0.1', 'Mozilla/5.0 (Windows NT 10.0; Win64; x64) AppleWebKit/537.36 (KHTML, like Gecko) Chrome/146.0.0.0 Safari/537.36', 'YTo1OntzOjY6Il90b2tlbiI7czo0MDoiQWk3Z0F4NlUyMVh3YUQ2ZGUycXh3SW1DaDA0MHR2QWp3MnpEVXdaQiI7czo2OiJfZmxhc2giO2E6Mjp7czozOiJvbGQiO2E6MDp7fXM6MzoibmV3IjthOjA6e319czo5OiJfcHJldmlvdXMiO2E6Mjp7czozOiJ1cmwiO3M6MzE6Imh0dHA6Ly8xMjcuMC4wLjE6ODAwMC9kYXNoYm9hcmQiO3M6NToicm91dGUiO3M6OToiZGFzaGJvYXJkIjt9czo1MDoibG9naW5fd2ViXzU5YmEzNmFkZGMyYjJmOTQwMTU4MGYwMTRjN2Y1OGVhNGUzMDk4OWQiO2k6MTtzOjEyOiJkZXZpY2VfdG9rZW4iO3M6MTQyOiJjOEt0TmszY3RyUzRKMWQ1WHJtTVU0OkFQQTkxYkdiT1RYTk4tY0twNVk0MnFhY2xmY21GWWo3d1dVaEl1UE9hZlgwNjZ4NWJXdGpETkJEaFhXQjBWSzd6TEVTdDdwRFdUX2c5VXV4SGpUY2hkTEJBTFZ0VUhSdHZYVlV6NXh1MXJ3aVpoMU80RXAyMHNBIjt9', 1773483271),
('YRMSFbJvroKyP8SyaHsZgp1LAy0zhyeZLRBYJ1P9', 1, '127.0.0.1', 'Mozilla/5.0 (Windows NT 10.0; Win64; x64) AppleWebKit/537.36 (KHTML, like Gecko) Chrome/145.0.0.0 Safari/537.36', 'YTo1OntzOjY6Il90b2tlbiI7czo0MDoiSjhweEdCb2NWa0UxVTdEZ1UydmVPSFlHSDJBcFI4U003cEpMTnVFOCI7czo2OiJfZmxhc2giO2E6Mjp7czozOiJvbGQiO2E6MDp7fXM6MzoibmV3IjthOjA6e319czo5OiJfcHJldmlvdXMiO2E6Mjp7czozOiJ1cmwiO3M6MzE6Imh0dHA6Ly8xMjcuMC4wLjE6ODAwMC9kYXNoYm9hcmQiO3M6NToicm91dGUiO3M6OToiZGFzaGJvYXJkIjt9czo1MDoibG9naW5fd2ViXzU5YmEzNmFkZGMyYjJmOTQwMTU4MGYwMTRjN2Y1OGVhNGUzMDk4OWQiO2k6MTtzOjEyOiJkZXZpY2VfdG9rZW4iO3M6MTQyOiJjOEt0TmszY3RyUzRKMWQ1WHJtTVU0OkFQQTkxYkdiT1RYTk4tY0twNVk0MnFhY2xmY21GWWo3d1dVaEl1UE9hZlgwNjZ4NWJXdGpETkJEaFhXQjBWSzd6TEVTdDdwRFdUX2c5VXV4SGpUY2hkTEJBTFZ0VUhSdHZYVlV6NXh1MXJ3aVpoMU80RXAyMHNBIjt9', 1773317323);

-- --------------------------------------------------------

--
-- Table structure for table `settings`
--

DROP TABLE IF EXISTS `settings`;
CREATE TABLE IF NOT EXISTS `settings` (
  `id` bigint UNSIGNED NOT NULL AUTO_INCREMENT,
  `name` varchar(191) CHARACTER SET utf8mb4 COLLATE utf8mb4_unicode_ci NOT NULL,
  `value` varchar(191) CHARACTER SET utf8mb4 COLLATE utf8mb4_unicode_ci DEFAULT NULL,
  `created_at` timestamp NULL DEFAULT NULL,
  `updated_at` timestamp NULL DEFAULT NULL,
  PRIMARY KEY (`id`)
) ENGINE=MyISAM AUTO_INCREMENT=42 DEFAULT CHARSET=utf8mb4 COLLATE=utf8mb4_unicode_ci;

--
-- Dumping data for table `settings`
--

INSERT INTO `settings` (`id`, `name`, `value`, `created_at`, `updated_at`) VALUES
(1, 'api_base_url', 'https://rajasthandscservices.com/', '2025-09-27 11:11:40', '2025-12-31 06:24:18'),
(2, 'name', 'Rajasthandsc', '2025-09-27 11:11:40', '2025-12-31 06:24:18'),
(3, 'appid', 'Rajasthandsc', '2025-09-27 11:11:40', '2025-12-31 06:24:18'),
(4, 'image_url', 'https://rajasthandscservices.com/', '2025-09-27 11:11:40', '2025-12-31 06:24:18'),
(5, 'logo_url', 'https://rajasthandscservices.com/uploads/header_logo', '2025-09-27 11:11:40', '2025-12-31 06:24:18'),
(19, 'firebase_auth_domain', 'tiara-adb0a.firebaseapp.com', '2025-10-01 06:58:03', NULL),
(18, 'firbase_apiKey', 'AIzaSyCCpefxXHckoxYQfEFEI0qpVokZ5HCRGMI', '2025-10-01 06:58:03', NULL),
(10, 'copyright', 'Rajasthandsc@2025', '2025-09-27 11:11:40', '2025-12-31 06:24:18'),
(11, 'x-apikey', 'x/QjD7YtffAyWBb2ie/kgXpHobQNpP8e4Ts01nk/FHrDZioRMCS1AgHRorLUI/1uaguAqfsC3Ax9Eq7KKvhyAA==', '2025-09-27 11:11:40', NULL),
(12, 'uuid', '0bb9497b-2681-49df-95d7-fbe44c983876', NULL, NULL),
(13, 'db_state', 'online', NULL, NULL),
(14, 'emailid', 'kamal@abc.com', NULL, '2025-12-31 06:24:18'),
(15, 'username', 'bhudev', NULL, '2025-12-31 06:24:18'),
(16, 'password', '123456', NULL, NULL),
(20, 'firebase_project_id', 'tiara-adb0a', '2025-10-01 06:58:03', NULL),
(21, 'firebase_storage_bucket', 'tiara-adb0a.firebasestorage.app', '2025-10-01 06:58:03', NULL),
(22, 'firebase_messaging_sender_id', '424284680643', '2025-10-01 06:58:03', NULL),
(23, 'firebase_app_id', '1:424284680643:web:8e3b6bc8067073cf0b8d76', '2025-10-01 06:58:03', NULL),
(24, 'firebase_measurement_id', 'G-B0FQY3FCD1', '2025-10-01 06:58:03', NULL),
(39, 'company_city', 'vadodra', '2026-01-03 05:43:36', '2026-01-03 05:56:45'),
(26, 'company_favicon', 'company/favicons/V186uY0XSv86U3gIU6vCNbEZydisDrKIGLVtaFX4.png', '2026-01-03 05:22:19', '2026-01-03 06:16:13'),
(27, 'company_name', 'Bhudev', '2026-01-03 05:22:19', '2026-01-03 05:22:19'),
(28, 'company_email', 'bhudev@gmail.com', '2026-01-03 05:22:19', '2026-01-03 05:22:19'),
(38, 'company_address', 'janta', '2026-01-03 05:43:36', '2026-01-03 05:56:45'),
(37, 'company_website', 'https://rajasthandscservices.com/', '2026-01-03 05:43:35', '2026-01-03 06:16:13'),
(35, 'company_logo', 'company/logos/g1T7P6IvdyNXh77OESrRN5Op6pWPQstHWrbHm33E.png', '2026-01-03 05:43:35', '2026-03-12 06:22:38'),
(36, 'company_phone', '8952939854', '2026-01-03 05:43:35', '2026-01-03 06:16:13'),
(40, 'company_state', 'gujrat', '2026-01-03 05:43:36', '2026-01-03 05:56:45'),
(41, 'company_country', '', '2026-01-03 05:43:36', '2026-01-03 05:43:36');

-- --------------------------------------------------------

--
-- Table structure for table `states`
--

DROP TABLE IF EXISTS `states`;
CREATE TABLE IF NOT EXISTS `states` (
  `id` bigint UNSIGNED NOT NULL AUTO_INCREMENT,
  `country_id` bigint UNSIGNED NOT NULL,
  `name` varchar(255) CHARACTER SET utf8mb4 COLLATE utf8mb4_unicode_ci NOT NULL,
  `created_at` timestamp NULL DEFAULT NULL,
  `updated_at` timestamp NULL DEFAULT NULL,
  PRIMARY KEY (`id`),
  KEY `states_country_id_foreign` (`country_id`)
) ENGINE=InnoDB AUTO_INCREMENT=2143 DEFAULT CHARSET=utf8mb4 COLLATE=utf8mb4_unicode_ci;

--
-- Dumping data for table `states`
--

INSERT INTO `states` (`id`, `country_id`, `name`, `created_at`, `updated_at`) VALUES
(1, 3, 'Berat', NULL, NULL),
(2, 3, 'Dibër', NULL, NULL),
(3, 3, 'Durrës', NULL, NULL),
(4, 3, 'Elbasan', NULL, NULL),
(5, 3, 'Fier', NULL, NULL),
(6, 3, 'Gjirokastër', NULL, NULL),
(7, 3, 'Korçë', NULL, NULL),
(8, 3, 'Kukës', NULL, NULL),
(9, 3, 'Lezhë', NULL, NULL),
(10, 3, 'Shkodër', NULL, NULL),
(11, 3, 'Tirana', NULL, NULL),
(12, 3, 'Vlorë', NULL, NULL),
(13, 4, 'Adrar', NULL, NULL),
(14, 4, 'Chlef', NULL, NULL),
(15, 4, 'Laghouat', NULL, NULL),
(16, 4, 'Oum El Bouaghi', NULL, NULL),
(17, 4, 'Batna', NULL, NULL),
(18, 4, 'Béjaïa', NULL, NULL),
(19, 4, 'Biskra', NULL, NULL),
(20, 4, 'Béchar', NULL, NULL),
(21, 4, 'Blida', NULL, NULL),
(22, 4, 'Bouira', NULL, NULL),
(23, 4, 'Tamanghasset', NULL, NULL),
(24, 4, 'Tébessa', NULL, NULL),
(25, 4, 'Tlemcen', NULL, NULL),
(26, 4, 'Tiaret', NULL, NULL),
(27, 4, 'Tizi Ouzou', NULL, NULL),
(28, 4, 'Algiers', NULL, NULL),
(29, 4, 'Djelfa', NULL, NULL),
(30, 4, 'Jijel', NULL, NULL),
(31, 4, 'Sétif', NULL, NULL),
(32, 4, 'Saïda', NULL, NULL),
(33, 4, 'Skikda', NULL, NULL),
(34, 4, 'Sidi Bel Abbès', NULL, NULL),
(35, 4, 'Annaba', NULL, NULL),
(36, 4, 'Guelma', NULL, NULL),
(37, 4, 'Constantine', NULL, NULL),
(38, 4, 'Médéa', NULL, NULL),
(39, 4, 'Mostaganem', NULL, NULL),
(40, 4, 'M’Sila', NULL, NULL),
(41, 4, 'Mascara', NULL, NULL),
(42, 4, 'Ouargla', NULL, NULL),
(43, 4, 'Oran', NULL, NULL),
(44, 4, 'El Bayadh', NULL, NULL),
(45, 4, 'Illizi', NULL, NULL),
(46, 4, 'Bordj Bou Arréridj', NULL, NULL),
(47, 4, 'Boumerdès', NULL, NULL),
(48, 4, 'El Tarf', NULL, NULL),
(49, 4, 'Tindouf', NULL, NULL),
(50, 4, 'Tissemsilt', NULL, NULL),
(51, 4, 'El Oued', NULL, NULL),
(52, 4, 'Khenchela', NULL, NULL),
(53, 4, 'Souk Ahras', NULL, NULL),
(54, 4, 'Tipasa', NULL, NULL),
(55, 4, 'Mila', NULL, NULL),
(56, 4, 'Aïn Defla', NULL, NULL),
(57, 4, 'Naama', NULL, NULL),
(58, 4, 'Aïn Témouchent', NULL, NULL),
(59, 4, 'Ghardaïa', NULL, NULL),
(60, 4, 'Relizane', NULL, NULL),
(61, 7, 'Bengo', NULL, NULL),
(62, 7, 'Benguela', NULL, NULL),
(63, 7, 'Bié', NULL, NULL),
(64, 7, 'Cabinda', NULL, NULL),
(65, 7, 'Cunene', NULL, NULL),
(66, 7, 'Huambo', NULL, NULL),
(67, 7, 'Huíla', NULL, NULL),
(68, 7, 'Kuando Kubango', NULL, NULL),
(69, 7, 'Kwanza-Norte', NULL, NULL),
(70, 7, 'Kwanza-Sul', NULL, NULL),
(71, 7, 'Luanda', NULL, NULL),
(72, 7, 'Lunda-Norte', NULL, NULL),
(73, 7, 'Lunda-Sul', NULL, NULL),
(74, 7, 'Malanje', NULL, NULL),
(75, 7, 'Moxico', NULL, NULL),
(76, 7, 'Namibe', NULL, NULL),
(77, 7, 'Uíge', NULL, NULL),
(78, 7, 'Zaire', NULL, NULL),
(79, 11, 'Ciudad Autónoma de Buenos Aires', NULL, NULL),
(80, 11, 'Buenos Aires', NULL, NULL),
(81, 11, 'Catamarca', NULL, NULL),
(82, 11, 'Chaco', NULL, NULL),
(83, 11, 'Chubut', NULL, NULL),
(84, 11, 'Córdoba', NULL, NULL),
(85, 11, 'Corrientes', NULL, NULL),
(86, 11, 'Entre Ríos', NULL, NULL),
(87, 11, 'Formosa', NULL, NULL),
(88, 11, 'Jujuy', NULL, NULL),
(89, 11, 'La Pampa', NULL, NULL),
(90, 11, 'La Rioja', NULL, NULL),
(91, 11, 'Mendoza', NULL, NULL),
(92, 11, 'Misiones', NULL, NULL),
(93, 11, 'Neuquén', NULL, NULL),
(94, 11, 'Río Negro', NULL, NULL),
(95, 11, 'Salta', NULL, NULL),
(96, 11, 'San Juan', NULL, NULL),
(97, 11, 'San Luis', NULL, NULL),
(98, 11, 'Santa Cruz', NULL, NULL),
(99, 11, 'Santa Fe', NULL, NULL),
(100, 11, 'Santiago del Estero', NULL, NULL),
(101, 11, 'Tierra del Fuego', NULL, NULL),
(102, 11, 'Tucumán', NULL, NULL),
(103, 14, 'Australian Capital Territory', NULL, NULL),
(104, 14, 'New South Wales', NULL, NULL),
(105, 14, 'Northern Territory', NULL, NULL),
(106, 14, 'Queensland', NULL, NULL),
(107, 14, 'South Australia', NULL, NULL),
(108, 14, 'Tasmania', NULL, NULL),
(109, 14, 'Victoria', NULL, NULL),
(110, 14, 'Western Australia', NULL, NULL),
(111, 19, 'Bagerhat', NULL, NULL),
(112, 19, 'Bandarban', NULL, NULL),
(113, 19, 'Barguna', NULL, NULL),
(114, 19, 'Barishal', NULL, NULL),
(115, 19, 'Bhola', NULL, NULL),
(116, 19, 'Bogura', NULL, NULL),
(117, 19, 'Brahmanbaria', NULL, NULL),
(118, 19, 'Chandpur', NULL, NULL),
(119, 19, 'Chattogram', NULL, NULL),
(120, 19, 'Chuadanga', NULL, NULL),
(121, 19, 'Cox\'s Bazar', NULL, NULL),
(122, 19, 'Cumilla', NULL, NULL),
(123, 19, 'Dhaka', NULL, NULL),
(124, 19, 'Dinajpur', NULL, NULL),
(125, 19, 'Faridpur ', NULL, NULL),
(126, 19, 'Feni', NULL, NULL),
(127, 19, 'Gaibandha', NULL, NULL),
(128, 19, 'Gazipur', NULL, NULL),
(129, 19, 'Gopalganj', NULL, NULL),
(130, 19, 'Habiganj', NULL, NULL),
(131, 19, 'Jamalpur', NULL, NULL),
(132, 19, 'Jashore', NULL, NULL),
(133, 19, 'Jhalokati', NULL, NULL),
(134, 19, 'Jhenaidah', NULL, NULL),
(135, 19, 'Joypurhat', NULL, NULL),
(136, 19, 'Khagrachhari', NULL, NULL),
(137, 19, 'Khulna', NULL, NULL),
(138, 19, 'Kishoreganj', NULL, NULL),
(139, 19, 'Kurigram', NULL, NULL),
(140, 19, 'Kushtia', NULL, NULL),
(141, 19, 'Lakshmipur', NULL, NULL),
(142, 19, 'Lalmonirhat', NULL, NULL),
(143, 19, 'Madaripur', NULL, NULL),
(144, 19, 'Magura', NULL, NULL),
(145, 19, 'Manikganj ', NULL, NULL),
(146, 19, 'Meherpur', NULL, NULL),
(147, 19, 'Moulvibazar', NULL, NULL),
(148, 19, 'Munshiganj', NULL, NULL),
(149, 19, 'Mymensingh', NULL, NULL),
(150, 19, 'Naogaon', NULL, NULL),
(151, 19, 'Narail', NULL, NULL),
(152, 19, 'Narayanganj', NULL, NULL),
(153, 19, 'Narsingdi', NULL, NULL),
(154, 19, 'Natore', NULL, NULL),
(155, 19, 'Nawabganj', NULL, NULL),
(156, 19, 'Netrakona', NULL, NULL),
(157, 19, 'Nilphamari', NULL, NULL),
(158, 19, 'Noakhali', NULL, NULL),
(159, 19, 'Pabna', NULL, NULL),
(160, 19, 'Panchagarh', NULL, NULL),
(161, 19, 'Patuakhali', NULL, NULL),
(162, 19, 'Pirojpur', NULL, NULL),
(163, 19, 'Rajbari', NULL, NULL),
(164, 19, 'Rajshahi', NULL, NULL),
(165, 19, 'Rangamati', NULL, NULL),
(166, 19, 'Rangpur', NULL, NULL),
(167, 19, 'Satkhira', NULL, NULL),
(168, 19, 'Shariatpur', NULL, NULL),
(169, 19, 'Sherpur', NULL, NULL),
(170, 19, 'Sirajganj', NULL, NULL),
(171, 19, 'Sunamganj', NULL, NULL),
(172, 19, 'Sylhet', NULL, NULL),
(173, 19, 'Tangail', NULL, NULL),
(174, 19, 'Thakurgaon', NULL, NULL),
(175, 25, 'Alibori', NULL, NULL),
(176, 25, 'Atakora', NULL, NULL),
(177, 25, 'Atlantique', NULL, NULL),
(178, 25, 'Borgou', NULL, NULL),
(179, 25, 'Collines', NULL, NULL),
(180, 25, 'Kouffo', NULL, NULL),
(181, 25, 'Donga', NULL, NULL),
(182, 25, 'Littoral', NULL, NULL),
(183, 25, 'Mono', NULL, NULL),
(184, 25, 'Ouémé', NULL, NULL),
(185, 25, 'Plateau', NULL, NULL),
(186, 25, 'Zou', NULL, NULL),
(187, 28, 'Beni', NULL, NULL),
(188, 28, 'Chuquisaca', NULL, NULL),
(189, 28, 'Cochabamba', NULL, NULL),
(190, 28, 'La Paz', NULL, NULL),
(191, 28, 'Oruro', NULL, NULL),
(192, 28, 'Pando', NULL, NULL),
(193, 28, 'Potosí', NULL, NULL),
(194, 28, 'Santa Cruz', NULL, NULL),
(195, 28, 'Tarija', NULL, NULL),
(196, 33, 'Acre', NULL, NULL),
(197, 33, 'Alagoas', NULL, NULL),
(198, 33, 'Amapá', NULL, NULL),
(199, 33, 'Amazonas', NULL, NULL),
(200, 33, 'Bahia', NULL, NULL),
(201, 33, 'Ceará', NULL, NULL),
(202, 33, 'Distrito Federal', NULL, NULL),
(203, 33, 'Espírito Santo', NULL, NULL),
(204, 33, 'Goiás', NULL, NULL),
(205, 33, 'Maranhão', NULL, NULL),
(206, 33, 'Mato Grosso', NULL, NULL),
(207, 33, 'Mato Grosso do Sul', NULL, NULL),
(208, 33, 'Minas Gerais', NULL, NULL),
(209, 33, 'Pará', NULL, NULL),
(210, 33, 'Paraíba', NULL, NULL),
(211, 33, 'Paraná', NULL, NULL),
(212, 33, 'Pernambuco', NULL, NULL),
(213, 33, 'Piauí', NULL, NULL),
(214, 33, 'Rio de Janeiro', NULL, NULL),
(215, 33, 'Rio Grande do Norte', NULL, NULL),
(216, 33, 'Rio Grande do Sul', NULL, NULL),
(217, 33, 'Rondônia', NULL, NULL),
(218, 33, 'Roraima', NULL, NULL),
(219, 33, 'Santa Catarina', NULL, NULL),
(220, 33, 'São Paulo', NULL, NULL),
(221, 33, 'Sergipe', NULL, NULL),
(222, 33, 'Tocantins', NULL, NULL),
(223, 36, 'Blagoevgrad', NULL, NULL),
(224, 36, 'Burgas', NULL, NULL),
(225, 36, 'Dobrich', NULL, NULL),
(226, 36, 'Gabrovo', NULL, NULL),
(227, 36, 'Haskovo', NULL, NULL),
(228, 36, 'Kardzhali', NULL, NULL),
(229, 36, 'Kyustendil', NULL, NULL),
(230, 36, 'Lovech', NULL, NULL),
(231, 36, 'Montana', NULL, NULL),
(232, 36, 'Pazardzhik', NULL, NULL),
(233, 36, 'Pernik', NULL, NULL),
(234, 36, 'Pleven', NULL, NULL),
(235, 36, 'Plovdiv', NULL, NULL),
(236, 36, 'Razgrad', NULL, NULL),
(237, 36, 'Ruse', NULL, NULL),
(238, 36, 'Shumen', NULL, NULL),
(239, 36, 'Silistra', NULL, NULL),
(240, 36, 'Sliven', NULL, NULL),
(241, 36, 'Smolyan', NULL, NULL),
(242, 36, 'Sofia District', NULL, NULL),
(243, 36, 'Sofia', NULL, NULL),
(244, 36, 'Stara Zagora', NULL, NULL),
(245, 36, 'Targovishte', NULL, NULL),
(246, 36, 'Varna', NULL, NULL),
(247, 36, 'Veliko Tarnovo', NULL, NULL),
(248, 36, 'Vidin', NULL, NULL),
(249, 36, 'Vratsa', NULL, NULL),
(250, 36, 'Yambol', NULL, NULL),
(251, 41, 'Alberta', NULL, NULL),
(252, 41, 'British Columbia', NULL, NULL),
(253, 41, 'Manitoba', NULL, NULL),
(254, 41, 'New Brunswick', NULL, NULL),
(255, 41, 'Newfoundland and Labrador', NULL, NULL),
(256, 41, 'Northwest Territories', NULL, NULL),
(257, 41, 'Nova Scotia', NULL, NULL),
(258, 41, 'Nunavut', NULL, NULL),
(259, 41, 'Ontario', NULL, NULL),
(260, 41, 'Prince Edward Island', NULL, NULL),
(261, 41, 'Quebec', NULL, NULL),
(262, 41, 'Saskatchewan', NULL, NULL),
(263, 41, 'Yukon Territory', NULL, NULL),
(264, 46, 'Aisén del General Carlos Ibañez del Campo', NULL, NULL),
(265, 46, 'Antofagasta', NULL, NULL),
(266, 46, 'Arica y Parinacota', NULL, NULL),
(267, 46, 'La Araucanía', NULL, NULL),
(268, 46, 'Atacama', NULL, NULL),
(269, 46, 'Biobío', NULL, NULL),
(270, 46, 'Coquimbo', NULL, NULL),
(271, 46, 'Libertador General Bernardo O\'Higgins', NULL, NULL),
(272, 46, 'Los Lagos', NULL, NULL),
(273, 46, 'Los Ríos', NULL, NULL),
(274, 46, 'Magallanes', NULL, NULL),
(275, 46, 'Maule', NULL, NULL),
(276, 46, 'Ñuble', NULL, NULL),
(277, 46, 'Región Metropolitana de Santiago', NULL, NULL),
(278, 46, 'Tarapacá', NULL, NULL),
(279, 46, 'Valparaíso', NULL, NULL),
(280, 47, 'Yunnan / 云南', NULL, NULL),
(281, 47, 'Beijing / 北京', NULL, NULL),
(282, 47, 'Tianjin / 天津', NULL, NULL),
(283, 47, 'Hebei / 河北', NULL, NULL),
(284, 47, 'Shanxi / 山西', NULL, NULL),
(285, 47, 'Inner Mongolia / 內蒙古', NULL, NULL),
(286, 47, 'Liaoning / 辽宁', NULL, NULL),
(287, 47, 'Jilin / 吉林', NULL, NULL),
(288, 47, 'Heilongjiang / 黑龙江', NULL, NULL),
(289, 47, 'Shanghai / 上海', NULL, NULL),
(290, 47, 'Jiangsu / 江苏', NULL, NULL),
(291, 47, 'Zhejiang / 浙江', NULL, NULL),
(292, 47, 'Anhui / 安徽', NULL, NULL),
(293, 47, 'Fujian / 福建', NULL, NULL),
(294, 47, 'Jiangxi / 江西', NULL, NULL),
(295, 47, 'Shandong / 山东', NULL, NULL),
(296, 47, 'Henan / 河南', NULL, NULL),
(297, 47, 'Hubei / 湖北', NULL, NULL),
(298, 47, 'Hunan / 湖南', NULL, NULL),
(299, 47, 'Guangdong / 广东', NULL, NULL),
(300, 47, 'Guangxi Zhuang / 广西壮族', NULL, NULL),
(301, 47, 'Hainan / 海南', NULL, NULL),
(302, 47, 'Chongqing / 重庆', NULL, NULL),
(303, 47, 'Sichuan / 四川', NULL, NULL),
(304, 47, 'Guizhou / 贵州', NULL, NULL),
(305, 47, 'Shaanxi / 陕西', NULL, NULL),
(306, 47, 'Gansu / 甘肃', NULL, NULL),
(307, 47, 'Qinghai / 青海', NULL, NULL),
(308, 47, 'Ningxia Hui / 宁夏', NULL, NULL),
(309, 47, 'Macao / 澳门', NULL, NULL),
(310, 47, 'Tibet / 西藏', NULL, NULL),
(311, 47, 'Xinjiang / 新疆', NULL, NULL),
(312, 50, 'Amazonas', NULL, NULL),
(313, 50, 'Antioquia', NULL, NULL),
(314, 50, 'Arauca', NULL, NULL),
(315, 50, 'Atlántico', NULL, NULL),
(316, 50, 'Bolívar', NULL, NULL),
(317, 50, 'Boyacá', NULL, NULL),
(318, 50, 'Caldas', NULL, NULL),
(319, 50, 'Caquetá', NULL, NULL),
(320, 50, 'Casanare', NULL, NULL),
(321, 50, 'Cauca', NULL, NULL),
(322, 50, 'Cesar', NULL, NULL),
(323, 50, 'Chocó', NULL, NULL),
(324, 50, 'Córdoba', NULL, NULL),
(325, 50, 'Cundinamarca', NULL, NULL),
(326, 50, 'Capital District', NULL, NULL),
(327, 50, 'Guainía', NULL, NULL),
(328, 50, 'Guaviare', NULL, NULL),
(329, 50, 'Huila', NULL, NULL),
(330, 50, 'La Guajira', NULL, NULL),
(331, 50, 'Magdalena', NULL, NULL),
(332, 50, 'Meta', NULL, NULL),
(333, 50, 'Nariño', NULL, NULL),
(334, 50, 'Norte de Santander', NULL, NULL),
(335, 50, 'Putumayo', NULL, NULL),
(336, 50, 'Quindío', NULL, NULL),
(337, 50, 'Risaralda', NULL, NULL),
(338, 50, 'Santander', NULL, NULL),
(339, 50, 'San Andrés & Providencia', NULL, NULL),
(340, 50, 'Sucre', NULL, NULL),
(341, 50, 'Tolima', NULL, NULL),
(342, 50, 'Valle del Cauca', NULL, NULL),
(343, 50, 'Vaupés', NULL, NULL),
(344, 50, 'Vichada', NULL, NULL),
(345, 55, 'Alajuela', NULL, NULL),
(346, 55, 'Cartago', NULL, NULL),
(347, 55, 'Guanacaste', NULL, NULL),
(348, 55, 'Heredia', NULL, NULL),
(349, 55, 'Limón', NULL, NULL),
(350, 55, 'Puntarenas', NULL, NULL),
(351, 55, 'San José', NULL, NULL),
(352, 56, 'Zagreb County', NULL, NULL),
(353, 56, 'Krapina-Zagorje County', NULL, NULL),
(354, 56, 'Sisak-Moslavina County', NULL, NULL),
(355, 56, 'Karlovac County', NULL, NULL),
(356, 56, 'Varaždin County', NULL, NULL),
(357, 56, 'Koprivnica-Križevci County', NULL, NULL),
(358, 56, 'Bjelovar-Bilogora County', NULL, NULL),
(359, 56, 'Primorje-Gorski Kotar County', NULL, NULL),
(360, 56, 'Lika-Senj County', NULL, NULL),
(361, 56, 'Virovitica-Podravina County', NULL, NULL),
(362, 56, 'Požega-Slavonia County', NULL, NULL),
(363, 56, 'Brod-Posavina County', NULL, NULL),
(364, 56, 'Zadar County', NULL, NULL),
(365, 56, 'Osijek-Baranja County', NULL, NULL),
(366, 56, 'Šibenik-Knin County', NULL, NULL),
(367, 56, 'Vukovar-Srijem County', NULL, NULL),
(368, 56, 'Split-Dalmatia County', NULL, NULL),
(369, 56, 'Istria County', NULL, NULL),
(370, 56, 'Dubrovnik-Neretva County', NULL, NULL),
(371, 56, 'Međimurje County', NULL, NULL),
(372, 56, 'Zagreb City', NULL, NULL),
(373, 64, 'Distrito Nacional', NULL, NULL),
(374, 64, 'Azua', NULL, NULL),
(375, 64, 'Baoruco', NULL, NULL),
(376, 64, 'Barahona', NULL, NULL),
(377, 64, 'Cibao Nordeste', NULL, NULL),
(378, 64, 'Cibao Noroeste', NULL, NULL),
(379, 64, 'Cibao Norte', NULL, NULL),
(380, 64, 'Cibao Sur', NULL, NULL),
(381, 64, 'Dajabón', NULL, NULL),
(382, 64, 'Duarte', NULL, NULL),
(383, 64, 'El Seibo', NULL, NULL),
(384, 64, 'El Valle', NULL, NULL),
(385, 64, 'Elías Piña', NULL, NULL),
(386, 64, 'Enriquillo', NULL, NULL),
(387, 64, 'Espaillat', NULL, NULL),
(388, 64, 'Hato Mayor', NULL, NULL),
(389, 64, 'Hermanas Mirabal', NULL, NULL),
(390, 64, 'Higüamo', NULL, NULL),
(391, 64, 'Independencia', NULL, NULL),
(392, 64, 'La Altagracia', NULL, NULL),
(393, 64, 'La Romana', NULL, NULL),
(394, 64, 'La Vega', NULL, NULL),
(395, 64, 'María Trinidad Sánchez', NULL, NULL),
(396, 64, 'Monseñor Nouel', NULL, NULL),
(397, 64, 'Monte Cristi', NULL, NULL),
(398, 64, 'Monte Plata', NULL, NULL),
(399, 64, 'Ozama', NULL, NULL),
(400, 64, 'Pedernales', NULL, NULL),
(401, 64, 'Peravia', NULL, NULL),
(402, 64, 'Puerto Plata', NULL, NULL),
(403, 64, 'Samaná', NULL, NULL),
(404, 64, 'San Cristóbal', NULL, NULL),
(405, 64, 'San José de Ocoa', NULL, NULL),
(406, 64, 'San Juan', NULL, NULL),
(407, 64, 'San Pedro de Macorís', NULL, NULL),
(408, 64, 'Sánchez Ramírez', NULL, NULL),
(409, 64, 'Santiago', NULL, NULL),
(410, 64, 'Santiago Rodríguez', NULL, NULL),
(411, 64, 'Santo Domingo', NULL, NULL),
(412, 64, 'Valdesia', NULL, NULL),
(413, 64, 'Valverde', NULL, NULL),
(414, 64, 'Yuma', NULL, NULL),
(415, 65, 'Azuay', NULL, NULL),
(416, 65, 'Bolívar', NULL, NULL),
(417, 65, 'Cañar', NULL, NULL),
(418, 65, 'Carchi', NULL, NULL),
(419, 65, 'Chimborazo', NULL, NULL),
(420, 65, 'Cotopaxi', NULL, NULL),
(421, 65, 'El Oro', NULL, NULL),
(422, 65, 'Esmeraldas', NULL, NULL),
(423, 65, 'Galápagos', NULL, NULL),
(424, 65, 'Guayas', NULL, NULL),
(425, 65, 'Imbabura', NULL, NULL),
(426, 65, 'Loja', NULL, NULL),
(427, 65, 'Los Ríos', NULL, NULL),
(428, 65, 'Manabí', NULL, NULL),
(429, 65, 'Morona-Santiago', NULL, NULL),
(430, 65, 'Napo', NULL, NULL),
(431, 65, 'Orellana', NULL, NULL),
(432, 65, 'Pastaza', NULL, NULL),
(433, 65, 'Pichincha', NULL, NULL),
(434, 65, 'Santa Elena', NULL, NULL),
(435, 65, 'Santo Domingo de los Tsáchilas', NULL, NULL),
(436, 65, 'Sucumbíos', NULL, NULL),
(437, 65, 'Tungurahua', NULL, NULL),
(438, 65, 'Zamora-Chinchipe', NULL, NULL),
(439, 66, 'Alexandria', NULL, NULL),
(440, 66, 'Aswan', NULL, NULL),
(441, 66, 'Asyut', NULL, NULL),
(442, 66, 'Red Sea', NULL, NULL),
(443, 66, 'Beheira', NULL, NULL),
(444, 66, 'Beni Suef', NULL, NULL),
(445, 66, 'Cairo', NULL, NULL),
(446, 66, 'Dakahlia', NULL, NULL),
(447, 66, 'Damietta', NULL, NULL),
(448, 66, 'Faiyum', NULL, NULL),
(449, 66, 'Gharbia', NULL, NULL),
(450, 66, 'Giza', NULL, NULL),
(451, 66, 'Ismailia', NULL, NULL),
(452, 66, 'South Sinai', NULL, NULL),
(453, 66, 'Qalyubia', NULL, NULL),
(454, 66, 'Kafr el-Sheikh', NULL, NULL),
(455, 66, 'Qena', NULL, NULL),
(456, 66, 'Luxor', NULL, NULL),
(457, 66, 'Minya', NULL, NULL),
(458, 66, 'Monufia', NULL, NULL),
(459, 66, 'Matrouh', NULL, NULL),
(460, 66, 'Port Said', NULL, NULL),
(461, 66, 'Sohag', NULL, NULL),
(462, 66, 'Al Sharqia', NULL, NULL),
(463, 66, 'North Sinai', NULL, NULL),
(464, 66, 'Suez', NULL, NULL),
(465, 66, 'New Valley', NULL, NULL),
(466, 67, 'Ahuachapán', NULL, NULL),
(467, 67, 'Cabañas', NULL, NULL),
(468, 67, 'Chalatenango', NULL, NULL),
(469, 67, 'Cuscatlán', NULL, NULL),
(470, 67, 'La Libertad', NULL, NULL),
(471, 67, 'Morazán', NULL, NULL),
(472, 67, 'La Paz', NULL, NULL),
(473, 67, 'Santa Ana', NULL, NULL),
(474, 67, 'San Miguel', NULL, NULL),
(475, 67, 'Sonsonate', NULL, NULL),
(476, 67, 'San Salvador', NULL, NULL),
(477, 67, 'San Vicente', NULL, NULL),
(478, 67, 'La Unión', NULL, NULL),
(479, 67, 'Usulután', NULL, NULL),
(480, 83, 'Baden-Württemberg', NULL, NULL),
(481, 83, 'Bavaria', NULL, NULL),
(482, 83, 'Berlin', NULL, NULL),
(483, 83, 'Brandenburg', NULL, NULL),
(484, 83, 'Bremen', NULL, NULL),
(485, 83, 'Hamburg', NULL, NULL),
(486, 83, 'Hesse', NULL, NULL),
(487, 83, 'Mecklenburg-Vorpommern', NULL, NULL),
(488, 83, 'Lower Saxony', NULL, NULL),
(489, 83, 'North Rhine-Westphalia', NULL, NULL),
(490, 83, 'Rhineland-Palatinate', NULL, NULL),
(491, 83, 'Saarland', NULL, NULL),
(492, 83, 'Saxony', NULL, NULL),
(493, 83, 'Saxony-Anhalt', NULL, NULL),
(494, 83, 'Schleswig-Holstein', NULL, NULL),
(495, 83, 'Thuringia', NULL, NULL),
(496, 84, 'Ahafo', NULL, NULL),
(497, 84, 'Ashanti', NULL, NULL),
(498, 84, 'Brong-Ahafo', NULL, NULL),
(499, 84, 'Bono', NULL, NULL),
(500, 84, 'Bono East', NULL, NULL),
(501, 84, 'Central', NULL, NULL),
(502, 84, 'Eastern', NULL, NULL),
(503, 84, 'Greater Accra', NULL, NULL),
(504, 84, 'North East', NULL, NULL),
(505, 84, 'Northern', NULL, NULL),
(506, 84, 'Oti', NULL, NULL),
(507, 84, 'Savannah', NULL, NULL),
(508, 84, 'Upper East', NULL, NULL),
(509, 84, 'Upper West', NULL, NULL),
(510, 84, 'Volta', NULL, NULL),
(511, 84, 'Western', NULL, NULL),
(512, 84, 'Western North', NULL, NULL),
(513, 86, 'Attica', NULL, NULL),
(514, 86, 'East Macedonia and Thrace', NULL, NULL),
(515, 86, 'Central Macedonia', NULL, NULL),
(516, 86, 'West Macedonia', NULL, NULL),
(517, 86, 'Epirus', NULL, NULL),
(518, 86, 'Thessaly', NULL, NULL),
(519, 86, 'Ionian Islands', NULL, NULL),
(520, 86, 'West Greece', NULL, NULL),
(521, 86, 'Central Greece', NULL, NULL),
(522, 86, 'Peloponnese', NULL, NULL),
(523, 86, 'North Aegean', NULL, NULL),
(524, 86, 'South Aegean', NULL, NULL),
(525, 86, 'Crete', NULL, NULL),
(526, 91, 'Alta Verapaz', NULL, NULL),
(527, 91, 'Baja Verapaz', NULL, NULL),
(528, 91, 'Chimaltenango', NULL, NULL),
(529, 91, 'Chiquimula', NULL, NULL),
(530, 91, 'El Progreso', NULL, NULL),
(531, 91, 'Escuintla', NULL, NULL),
(532, 91, 'Guatemala', NULL, NULL),
(533, 91, 'Huehuetenango', NULL, NULL),
(534, 91, 'Izabal', NULL, NULL),
(535, 91, 'Jalapa', NULL, NULL),
(536, 91, 'Jutiapa', NULL, NULL),
(537, 91, 'Petén', NULL, NULL),
(538, 91, 'Quetzaltenango', NULL, NULL),
(539, 91, 'Quiché', NULL, NULL),
(540, 91, 'Retalhuleu', NULL, NULL),
(541, 91, 'Sacatepéquez', NULL, NULL),
(542, 91, 'San Marcos', NULL, NULL),
(543, 91, 'Santa Rosa', NULL, NULL),
(544, 91, 'Sololá', NULL, NULL),
(545, 91, 'Suchitepéquez', NULL, NULL),
(546, 91, 'Totonicapán', NULL, NULL),
(547, 91, 'Zacapa', NULL, NULL),
(548, 98, 'Atlántida', NULL, NULL),
(549, 98, 'Bay Islands', NULL, NULL),
(550, 98, 'Choluteca', NULL, NULL),
(551, 98, 'Colón', NULL, NULL),
(552, 98, 'Comayagua', NULL, NULL),
(553, 98, 'Copán', NULL, NULL),
(554, 98, 'Cortés', NULL, NULL),
(555, 98, 'El Paraíso', NULL, NULL),
(556, 98, 'Francisco Morazán', NULL, NULL),
(557, 98, 'Gracias a Dios', NULL, NULL),
(558, 98, 'Intibucá', NULL, NULL),
(559, 98, 'Lempira', NULL, NULL),
(560, 98, 'La Paz', NULL, NULL),
(561, 98, 'Ocotepeque', NULL, NULL),
(562, 98, 'Olancho', NULL, NULL),
(563, 98, 'Santa Bárbara', NULL, NULL),
(564, 98, 'Valle', NULL, NULL),
(565, 98, 'Yoro', NULL, NULL),
(566, 99, 'Hong Kong Island', NULL, NULL),
(567, 99, 'Kowloon', NULL, NULL),
(568, 99, 'New Territories', NULL, NULL),
(569, 100, 'Bács-Kiskun', NULL, NULL),
(570, 100, 'Békés', NULL, NULL),
(571, 100, 'Baranya', NULL, NULL),
(572, 100, 'Borsod-Abaúj-Zemplén', NULL, NULL),
(573, 100, 'Budapest', NULL, NULL),
(574, 100, 'Csongrád-Csanád', NULL, NULL),
(575, 100, 'Fejér', NULL, NULL),
(576, 100, 'Győr-Moson-Sopron', NULL, NULL),
(577, 100, 'Hajdú-Bihar', NULL, NULL),
(578, 100, 'Heves', NULL, NULL),
(579, 100, 'Jász-Nagykun-Szolnok', NULL, NULL),
(580, 100, 'Komárom-Esztergom', NULL, NULL),
(581, 100, 'Nógrád', NULL, NULL),
(582, 100, 'Pest', NULL, NULL),
(583, 100, 'Somogy', NULL, NULL),
(584, 100, 'Szabolcs-Szatmár-Bereg', NULL, NULL),
(585, 100, 'Tolna', NULL, NULL),
(586, 100, 'Vas', NULL, NULL),
(587, 100, 'Veszprém', NULL, NULL),
(588, 100, 'Zala', NULL, NULL),
(589, 102, 'Andaman and Nicobar Islands', NULL, NULL),
(590, 102, 'Andhra Pradesh', NULL, NULL),
(591, 102, 'Arunachal Pradesh', NULL, NULL),
(592, 102, 'Assam', NULL, NULL),
(593, 102, 'Bihar', NULL, NULL),
(594, 102, 'Chandigarh', NULL, NULL),
(595, 102, 'Chhattisgarh', NULL, NULL),
(596, 102, 'Daman and Diu', NULL, NULL),
(597, 102, 'Dādra and Nagar Haveli and Damān and Diu', NULL, NULL),
(598, 102, 'Delhi', NULL, NULL),
(599, 102, 'Dadra and Nagar Haveli', NULL, NULL),
(600, 102, 'Goa', NULL, NULL),
(601, 102, 'Gujarat', NULL, NULL),
(602, 102, 'Himachal Pradesh', NULL, NULL),
(603, 102, 'Haryana', NULL, NULL),
(604, 102, 'Jharkhand', NULL, NULL),
(605, 102, 'Jammu and Kashmir', NULL, NULL),
(606, 102, 'Karnataka', NULL, NULL),
(607, 102, 'Kerala', NULL, NULL),
(608, 102, 'Ladakh', NULL, NULL),
(609, 102, 'Lakshadweep', NULL, NULL),
(610, 102, 'Maharashtra', NULL, NULL),
(611, 102, 'Meghalaya', NULL, NULL),
(612, 102, 'Manipur', NULL, NULL),
(613, 102, 'Madhya Pradesh', NULL, NULL),
(614, 102, 'Mizoram', NULL, NULL),
(615, 102, 'Nagaland', NULL, NULL),
(616, 102, 'Odisha', NULL, NULL),
(617, 102, 'Punjab', NULL, NULL),
(618, 102, 'Pondicherry (Puducherry)', NULL, NULL),
(619, 102, 'Rajasthan', NULL, NULL),
(620, 102, 'Sikkim', NULL, NULL),
(621, 102, 'Telangana', NULL, NULL),
(622, 102, 'Tamil Nadu', NULL, NULL),
(623, 102, 'Tripura', NULL, NULL),
(624, 102, 'Uttar Pradesh', NULL, NULL),
(625, 102, 'Uttarakhand', NULL, NULL),
(626, 102, 'West Bengal', NULL, NULL),
(627, 103, 'Daerah Istimewa Aceh', NULL, NULL),
(628, 103, 'Sumatera Utara', NULL, NULL),
(629, 103, 'Sumatera Barat', NULL, NULL),
(630, 103, 'Riau', NULL, NULL),
(631, 103, 'Kepulauan Riau', NULL, NULL),
(632, 103, 'Jambi', NULL, NULL),
(633, 103, 'Sumatera Selatan', NULL, NULL),
(634, 103, 'Bangka Belitung', NULL, NULL),
(635, 103, 'Bengkulu', NULL, NULL),
(636, 103, 'Lampung', NULL, NULL),
(637, 103, 'DKI Jakarta', NULL, NULL),
(638, 103, 'Jawa Barat', NULL, NULL),
(639, 103, 'Banten', NULL, NULL),
(640, 103, 'Jawa Tengah', NULL, NULL),
(641, 103, 'Jawa Timur', NULL, NULL),
(642, 103, 'Daerah Istimewa Yogyakarta', NULL, NULL),
(643, 103, 'Bali', NULL, NULL),
(644, 103, 'Nusa Tenggara Barat', NULL, NULL),
(645, 103, 'Nusa Tenggara Timur', NULL, NULL),
(646, 103, 'Kalimantan Barat', NULL, NULL),
(647, 103, 'Kalimantan Tengah', NULL, NULL),
(648, 103, 'Kalimantan Timur', NULL, NULL),
(649, 103, 'Kalimantan Selatan', NULL, NULL),
(650, 103, 'Kalimantan Utara', NULL, NULL),
(651, 103, 'Sulawesi Utara', NULL, NULL),
(652, 103, 'Sulawesi Tengah', NULL, NULL),
(653, 103, 'Sulawesi Tenggara', NULL, NULL),
(654, 103, 'Sulawesi Barat', NULL, NULL),
(655, 103, 'Sulawesi Selatan', NULL, NULL),
(656, 103, 'Gorontalo', NULL, NULL),
(657, 103, 'Maluku', NULL, NULL),
(658, 103, 'Maluku Utara', NULL, NULL),
(659, 103, 'Papua', NULL, NULL),
(660, 103, 'Papua Barat', NULL, NULL),
(661, 104, 'Khuzestan (خوزستان)', NULL, NULL),
(662, 104, 'Tehran (تهران)', NULL, NULL),
(663, 104, 'Ilaam (ایلام)', NULL, NULL),
(664, 104, 'Bushehr (بوشهر)', NULL, NULL),
(665, 104, 'Ardabil (اردبیل)', NULL, NULL),
(666, 104, 'Isfahan (اصفهان)', NULL, NULL),
(667, 104, 'Yazd (یزد)', NULL, NULL),
(668, 104, 'Kermanshah (کرمانشاه)', NULL, NULL),
(669, 104, 'Kerman (کرمان)', NULL, NULL),
(670, 104, 'Hamadan (همدان)', NULL, NULL),
(671, 104, 'Ghazvin (قزوین)', NULL, NULL),
(672, 104, 'Zanjan (زنجان)', NULL, NULL),
(673, 104, 'Luristan (لرستان)', NULL, NULL),
(674, 104, 'Alborz (البرز)', NULL, NULL),
(675, 104, 'East Azarbaijan (آذربایجان شرقی)', NULL, NULL),
(676, 104, 'West Azarbaijan (آذربایجان غربی)', NULL, NULL),
(677, 104, 'Chaharmahal and Bakhtiari (چهارمحال و بختیاری)', NULL, NULL),
(678, 104, 'South Khorasan (خراسان جنوبی)', NULL, NULL),
(679, 104, 'Razavi Khorasan (خراسان رضوی)', NULL, NULL),
(680, 104, 'North Khorasan (خراسان شمالی)', NULL, NULL),
(681, 104, 'Semnan (سمنان)', NULL, NULL),
(682, 104, 'Fars (فارس)', NULL, NULL),
(683, 104, 'Qom (قم)', NULL, NULL),
(684, 104, 'Kurdistan / کردستان)', NULL, NULL),
(685, 104, 'Kohgiluyeh and BoyerAhmad (کهگیلوییه و بویراحمد)', NULL, NULL),
(686, 104, 'Golestan (گلستان)', NULL, NULL),
(687, 104, 'Gilan (گیلان)', NULL, NULL),
(688, 104, 'Mazandaran (مازندران)', NULL, NULL),
(689, 104, 'Markazi (مرکزی)', NULL, NULL),
(690, 104, 'Hormozgan (هرمزگان)', NULL, NULL),
(691, 104, 'Sistan and Baluchestan (سیستان و بلوچستان)', NULL, NULL),
(692, 106, 'Carlow', NULL, NULL),
(693, 106, 'Cavan', NULL, NULL),
(694, 106, 'Clare', NULL, NULL),
(695, 106, 'Cork', NULL, NULL),
(696, 106, 'Donegal', NULL, NULL),
(697, 106, 'Dublin', NULL, NULL),
(698, 106, 'Galway', NULL, NULL),
(699, 106, 'Kerry', NULL, NULL),
(700, 106, 'Kildare', NULL, NULL),
(701, 106, 'Kilkenny', NULL, NULL),
(702, 106, 'Laois', NULL, NULL),
(703, 106, 'Leitrim', NULL, NULL),
(704, 106, 'Limerick', NULL, NULL),
(705, 106, 'Longford', NULL, NULL),
(706, 106, 'Louth', NULL, NULL),
(707, 106, 'Mayo', NULL, NULL),
(708, 106, 'Meath', NULL, NULL),
(709, 106, 'Monaghan', NULL, NULL),
(710, 106, 'Offaly', NULL, NULL),
(711, 106, 'Roscommon', NULL, NULL),
(712, 106, 'Sligo', NULL, NULL),
(713, 106, 'Tipperary', NULL, NULL),
(714, 106, 'Waterford', NULL, NULL),
(715, 106, 'Westmeath', NULL, NULL),
(716, 106, 'Wexford', NULL, NULL),
(717, 106, 'Wicklow', NULL, NULL),
(718, 109, 'Agrigento', NULL, NULL),
(719, 109, 'Alessandria', NULL, NULL),
(720, 109, 'Ancona', NULL, NULL),
(721, 109, 'Aosta', NULL, NULL),
(722, 109, 'Arezzo', NULL, NULL),
(723, 109, 'Ascoli Piceno', NULL, NULL),
(724, 109, 'Asti', NULL, NULL),
(725, 109, 'Avellino', NULL, NULL),
(726, 109, 'Bari', NULL, NULL),
(727, 109, 'Barletta-Andria-Trani', NULL, NULL),
(728, 109, 'Belluno', NULL, NULL),
(729, 109, 'Benevento', NULL, NULL),
(730, 109, 'Bergamo', NULL, NULL),
(731, 109, 'Biella', NULL, NULL),
(732, 109, 'Bologna', NULL, NULL),
(733, 109, 'Bolzano', NULL, NULL),
(734, 109, 'Brescia', NULL, NULL),
(735, 109, 'Brindisi', NULL, NULL),
(736, 109, 'Cagliari', NULL, NULL),
(737, 109, 'Caltanissetta', NULL, NULL),
(738, 109, 'Campobasso', NULL, NULL),
(739, 109, 'Caserta', NULL, NULL),
(740, 109, 'Catania', NULL, NULL),
(741, 109, 'Catanzaro', NULL, NULL),
(742, 109, 'Chieti', NULL, NULL),
(743, 109, 'Como', NULL, NULL),
(744, 109, 'Cosenza', NULL, NULL),
(745, 109, 'Cremona', NULL, NULL),
(746, 109, 'Crotone', NULL, NULL),
(747, 109, 'Cuneo', NULL, NULL),
(748, 109, 'Enna', NULL, NULL),
(749, 109, 'Fermo', NULL, NULL),
(750, 109, 'Ferrara', NULL, NULL),
(751, 109, 'Firenze', NULL, NULL),
(752, 109, 'Foggia', NULL, NULL),
(753, 109, 'Forlì-Cesena', NULL, NULL),
(754, 109, 'Frosinone', NULL, NULL),
(755, 109, 'Genova', NULL, NULL),
(756, 109, 'Gorizia', NULL, NULL),
(757, 109, 'Grosseto', NULL, NULL),
(758, 109, 'Imperia', NULL, NULL),
(759, 109, 'Isernia', NULL, NULL),
(760, 109, 'La Spezia', NULL, NULL),
(761, 109, 'L\'Aquila', NULL, NULL),
(762, 109, 'Latina', NULL, NULL),
(763, 109, 'Lecce', NULL, NULL),
(764, 109, 'Lecco', NULL, NULL),
(765, 109, 'Livorno', NULL, NULL),
(766, 109, 'Lodi', NULL, NULL),
(767, 109, 'Lucca', NULL, NULL),
(768, 109, 'Macerata', NULL, NULL),
(769, 109, 'Mantova', NULL, NULL),
(770, 109, 'Massa-Carrara', NULL, NULL),
(771, 109, 'Matera', NULL, NULL),
(772, 109, 'Messina', NULL, NULL),
(773, 109, 'Milano', NULL, NULL),
(774, 109, 'Modena', NULL, NULL),
(775, 109, 'Monza e della Brianza', NULL, NULL),
(776, 109, 'Napoli', NULL, NULL),
(777, 109, 'Novara', NULL, NULL),
(778, 109, 'Nuoro', NULL, NULL),
(779, 109, 'Oristano', NULL, NULL),
(780, 109, 'Padova', NULL, NULL),
(781, 109, 'Palermo', NULL, NULL),
(782, 109, 'Parma', NULL, NULL),
(783, 109, 'Pavia', NULL, NULL),
(784, 109, 'Perugia', NULL, NULL),
(785, 109, 'Pesaro e Urbino', NULL, NULL),
(786, 109, 'Pescara', NULL, NULL),
(787, 109, 'Piacenza', NULL, NULL),
(788, 109, 'Pisa', NULL, NULL),
(789, 109, 'Pistoia', NULL, NULL),
(790, 109, 'Pordenone', NULL, NULL),
(791, 109, 'Potenza', NULL, NULL),
(792, 109, 'Prato', NULL, NULL),
(793, 109, 'Ragusa', NULL, NULL),
(794, 109, 'Ravenna', NULL, NULL),
(795, 109, 'Reggio Calabria', NULL, NULL),
(796, 109, 'Reggio Emilia', NULL, NULL),
(797, 109, 'Rieti', NULL, NULL),
(798, 109, 'Rimini', NULL, NULL),
(799, 109, 'Roma', NULL, NULL),
(800, 109, 'Rovigo', NULL, NULL),
(801, 109, 'Salerno', NULL, NULL),
(802, 109, 'Sassari', NULL, NULL),
(803, 109, 'Savona', NULL, NULL),
(804, 109, 'Siena', NULL, NULL),
(805, 109, 'Siracusa', NULL, NULL),
(806, 109, 'Sondrio', NULL, NULL),
(807, 109, 'Sud Sardegna', NULL, NULL),
(808, 109, 'Taranto', NULL, NULL),
(809, 109, 'Teramo', NULL, NULL),
(810, 109, 'Terni', NULL, NULL),
(811, 109, 'Torino', NULL, NULL),
(812, 109, 'Trapani', NULL, NULL),
(813, 109, 'Trento', NULL, NULL),
(814, 109, 'Treviso', NULL, NULL),
(815, 109, 'Trieste', NULL, NULL),
(816, 109, 'Udine', NULL, NULL),
(817, 109, 'Varese', NULL, NULL),
(818, 109, 'Venezia', NULL, NULL),
(819, 109, 'Verbano-Cusio-Ossola', NULL, NULL),
(820, 109, 'Vercelli', NULL, NULL),
(821, 109, 'Verona', NULL, NULL),
(822, 109, 'Vibo Valentia', NULL, NULL),
(823, 109, 'Vicenza', NULL, NULL),
(824, 109, 'Viterbo', NULL, NULL),
(825, 111, 'Kingston', NULL, NULL),
(826, 111, 'Saint Andrew', NULL, NULL),
(827, 111, 'Saint Thomas', NULL, NULL),
(828, 111, 'Portland', NULL, NULL),
(829, 111, 'Saint Mary', NULL, NULL),
(830, 111, 'Saint Ann', NULL, NULL),
(831, 111, 'Trelawny', NULL, NULL),
(832, 111, 'Saint James', NULL, NULL),
(833, 111, 'Hanover', NULL, NULL),
(834, 111, 'Westmoreland', NULL, NULL),
(835, 111, 'Saint Elizabeth', NULL, NULL),
(836, 111, 'Manchester', NULL, NULL),
(837, 111, 'Clarendon', NULL, NULL),
(838, 111, 'Saint Catherine', NULL, NULL),
(839, 112, 'Hokkaido', NULL, NULL),
(840, 112, 'Aomori', NULL, NULL),
(841, 112, 'Iwate', NULL, NULL),
(842, 112, 'Miyagi', NULL, NULL),
(843, 112, 'Akita', NULL, NULL),
(844, 112, 'Yamagata', NULL, NULL),
(845, 112, 'Fukushima', NULL, NULL),
(846, 112, 'Ibaraki', NULL, NULL),
(847, 112, 'Tochigi', NULL, NULL),
(848, 112, 'Gunma', NULL, NULL),
(849, 112, 'Saitama', NULL, NULL),
(850, 112, 'Chiba', NULL, NULL),
(851, 112, 'Tokyo', NULL, NULL),
(852, 112, 'Kanagawa', NULL, NULL),
(853, 112, 'Niigata', NULL, NULL),
(854, 112, 'Toyama', NULL, NULL),
(855, 112, 'Ishikawa', NULL, NULL),
(856, 112, 'Fukui', NULL, NULL),
(857, 112, 'Yamanashi', NULL, NULL),
(858, 112, 'Nagano', NULL, NULL),
(859, 112, 'Gifu', NULL, NULL),
(860, 112, 'Shizuoka', NULL, NULL),
(861, 112, 'Aichi', NULL, NULL),
(862, 112, 'Mie', NULL, NULL),
(863, 112, 'Shiga', NULL, NULL),
(864, 112, 'Kyoto', NULL, NULL),
(865, 112, 'Osaka', NULL, NULL),
(866, 112, 'Hyogo', NULL, NULL),
(867, 112, 'Nara', NULL, NULL),
(868, 112, 'Wakayama', NULL, NULL),
(869, 112, 'Tottori', NULL, NULL),
(870, 112, 'Shimane', NULL, NULL),
(871, 112, 'Okayama', NULL, NULL),
(872, 112, 'Hiroshima', NULL, NULL),
(873, 112, 'Yamaguchi', NULL, NULL),
(874, 112, 'Tokushima', NULL, NULL),
(875, 112, 'Kagawa', NULL, NULL),
(876, 112, 'Ehime', NULL, NULL),
(877, 112, 'Kochi', NULL, NULL),
(878, 112, 'Fukuoka', NULL, NULL),
(879, 112, 'Saga', NULL, NULL),
(880, 112, 'Nagasaki', NULL, NULL),
(881, 112, 'Kumamoto', NULL, NULL),
(882, 112, 'Oita', NULL, NULL),
(883, 112, 'Miyazaki', NULL, NULL),
(884, 112, 'Kagoshima', NULL, NULL),
(885, 112, 'Okinawa', NULL, NULL),
(886, 116, 'Baringo', NULL, NULL),
(887, 116, 'Bomet', NULL, NULL),
(888, 116, 'Bungoma', NULL, NULL),
(889, 116, 'Busia', NULL, NULL),
(890, 116, 'Elgeyo-Marakwet', NULL, NULL),
(891, 116, 'Embu', NULL, NULL),
(892, 116, 'Garissa', NULL, NULL),
(893, 116, 'Homa Bay', NULL, NULL),
(894, 116, 'Isiolo', NULL, NULL),
(895, 116, 'Kajiado', NULL, NULL),
(896, 116, 'Kakamega', NULL, NULL),
(897, 116, 'Kericho', NULL, NULL),
(898, 116, 'Kiambu', NULL, NULL),
(899, 116, 'Kilifi', NULL, NULL),
(900, 116, 'Kirinyaga', NULL, NULL),
(901, 116, 'Kisii', NULL, NULL),
(902, 116, 'Kisumu', NULL, NULL),
(903, 116, 'Kitui', NULL, NULL),
(904, 116, 'Kwale', NULL, NULL),
(905, 116, 'Laikipia', NULL, NULL),
(906, 116, 'Lamu', NULL, NULL),
(907, 116, 'Machakos', NULL, NULL),
(908, 116, 'Makueni', NULL, NULL),
(909, 116, 'Mandera', NULL, NULL),
(910, 116, 'Marsabit', NULL, NULL),
(911, 116, 'Meru', NULL, NULL),
(912, 116, 'Migori', NULL, NULL),
(913, 116, 'Mombasa', NULL, NULL),
(914, 116, 'Murang’a', NULL, NULL),
(915, 116, 'Nairobi County', NULL, NULL),
(916, 116, 'Nakuru', NULL, NULL),
(917, 116, 'Nandi', NULL, NULL),
(918, 116, 'Narok', NULL, NULL),
(919, 116, 'Nyamira', NULL, NULL),
(920, 116, 'Nyandarua', NULL, NULL),
(921, 116, 'Nyeri', NULL, NULL),
(922, 116, 'Samburu', NULL, NULL),
(923, 116, 'Siaya', NULL, NULL),
(924, 116, 'Taita-Taveta', NULL, NULL),
(925, 116, 'Tana River', NULL, NULL),
(926, 116, 'Tharaka-Nithi', NULL, NULL),
(927, 116, 'Trans Nzoia', NULL, NULL),
(928, 116, 'Turkana', NULL, NULL),
(929, 116, 'Uasin Gishu', NULL, NULL),
(930, 116, 'Vihiga', NULL, NULL),
(931, 116, 'Wajir', NULL, NULL),
(932, 116, 'West Pokot', NULL, NULL),
(933, 121, 'Attapeu', NULL, NULL),
(934, 121, 'Bokeo', NULL, NULL),
(935, 121, 'Bolikhamsai', NULL, NULL),
(936, 121, 'Champasak', NULL, NULL),
(937, 121, 'Houaphanh', NULL, NULL),
(938, 121, 'Khammouane', NULL, NULL),
(939, 121, 'Luang Namtha', NULL, NULL),
(940, 121, 'Luang Prabang', NULL, NULL),
(941, 121, 'Oudomxay', NULL, NULL),
(942, 121, 'Phongsaly', NULL, NULL),
(943, 121, 'Salavan', NULL, NULL),
(944, 121, 'Savannakhet', NULL, NULL),
(945, 121, 'Vientiane Province', NULL, NULL),
(946, 121, 'Vientiane', NULL, NULL),
(947, 121, 'Sainyabuli', NULL, NULL),
(948, 121, 'Sekong', NULL, NULL),
(949, 121, 'Xiangkhouang', NULL, NULL),
(950, 121, 'Xaisomboun', NULL, NULL),
(951, 125, 'Bomi', NULL, NULL),
(952, 125, 'Bong', NULL, NULL),
(953, 125, 'Gbarpolu', NULL, NULL),
(954, 125, 'Grand Bassa', NULL, NULL),
(955, 125, 'Grand Cape Mount', NULL, NULL),
(956, 125, 'Grand Gedeh', NULL, NULL),
(957, 125, 'Grand Kru', NULL, NULL),
(958, 125, 'Lofa', NULL, NULL),
(959, 125, 'Margibi', NULL, NULL),
(960, 125, 'Maryland', NULL, NULL),
(961, 125, 'Montserrado', NULL, NULL),
(962, 125, 'Nimba', NULL, NULL),
(963, 125, 'Rivercess', NULL, NULL),
(964, 125, 'River Gee', NULL, NULL),
(965, 125, 'Sinoe', NULL, NULL),
(966, 134, 'Johor', NULL, NULL),
(967, 134, 'Kedah', NULL, NULL),
(968, 134, 'Kelantan', NULL, NULL),
(969, 134, 'Labuan', NULL, NULL),
(970, 134, 'Malacca (Melaka)', NULL, NULL),
(971, 134, 'Negeri Sembilan', NULL, NULL),
(972, 134, 'Pahang', NULL, NULL),
(973, 134, 'Penang (Pulau Pinang)', NULL, NULL),
(974, 134, 'Perak', NULL, NULL),
(975, 134, 'Perlis', NULL, NULL),
(976, 134, 'Sabah', NULL, NULL),
(977, 134, 'Sarawak', NULL, NULL),
(978, 134, 'Selangor', NULL, NULL),
(979, 134, 'Terengganu', NULL, NULL),
(980, 134, 'Putrajaya', NULL, NULL),
(981, 134, 'Kuala Lumpur', NULL, NULL),
(982, 143, 'Ciudad de México', NULL, NULL),
(983, 143, 'Jalisco', NULL, NULL),
(984, 143, 'Nuevo León', NULL, NULL),
(985, 143, 'Aguascalientes', NULL, NULL),
(986, 143, 'Baja California', NULL, NULL),
(987, 143, 'Baja California Sur', NULL, NULL),
(988, 143, 'Campeche', NULL, NULL),
(989, 143, 'Chiapas', NULL, NULL),
(990, 143, 'Chihuahua', NULL, NULL),
(991, 143, 'Coahuila', NULL, NULL),
(992, 143, 'Colima', NULL, NULL),
(993, 143, 'Durango', NULL, NULL),
(994, 143, 'Guanajuato', NULL, NULL),
(995, 143, 'Guerrero', NULL, NULL),
(996, 143, 'Hidalgo', NULL, NULL),
(997, 143, 'Estado de México', NULL, NULL),
(998, 143, 'Michoacán', NULL, NULL),
(999, 143, 'Morelos', NULL, NULL),
(1000, 143, 'Nayarit', NULL, NULL),
(1001, 143, 'Oaxaca', NULL, NULL),
(1002, 143, 'Puebla', NULL, NULL),
(1003, 143, 'Querétaro', NULL, NULL),
(1004, 143, 'Quintana Roo', NULL, NULL),
(1005, 143, 'San Luis Potosí', NULL, NULL),
(1006, 143, 'Sinaloa', NULL, NULL),
(1007, 143, 'Sonora', NULL, NULL),
(1008, 143, 'Tabasco', NULL, NULL),
(1009, 143, 'Tamaulipas', NULL, NULL),
(1010, 143, 'Tlaxcala', NULL, NULL),
(1011, 143, 'Veracruz', NULL, NULL),
(1012, 143, 'Yucatán', NULL, NULL),
(1013, 143, 'Zacatecas', NULL, NULL),
(1014, 145, 'Chișinău', NULL, NULL),
(1015, 145, 'Bălți', NULL, NULL),
(1016, 145, 'Anenii Noi', NULL, NULL),
(1017, 145, 'Basarabeasca', NULL, NULL),
(1018, 145, 'Briceni', NULL, NULL),
(1019, 145, 'Cahul', NULL, NULL),
(1020, 145, 'Cantemir', NULL, NULL),
(1021, 145, 'Călărași', NULL, NULL),
(1022, 145, 'Căușeni', NULL, NULL),
(1023, 145, 'Cimișlia', NULL, NULL),
(1024, 145, 'Criuleni', NULL, NULL),
(1025, 145, 'Dondușeni', NULL, NULL),
(1026, 145, 'Drochia', NULL, NULL),
(1027, 145, 'Dubăsari', NULL, NULL),
(1028, 145, 'Edineț', NULL, NULL),
(1029, 145, 'Fălești', NULL, NULL),
(1030, 145, 'Florești', NULL, NULL),
(1031, 145, 'UTA Găgăuzia', NULL, NULL),
(1032, 145, 'Glodeni', NULL, NULL),
(1033, 145, 'Hîncești', NULL, NULL),
(1034, 145, 'Ialoveni', NULL, NULL),
(1035, 145, 'Leova', NULL, NULL),
(1036, 145, 'Nisporeni', NULL, NULL),
(1037, 145, 'Ocnița', NULL, NULL),
(1038, 145, 'Orhei', NULL, NULL),
(1039, 145, 'Rezina', NULL, NULL),
(1040, 145, 'Rîșcani', NULL, NULL),
(1041, 145, 'Sîngerei', NULL, NULL),
(1042, 145, 'Soroca', NULL, NULL),
(1043, 145, 'Strășeni', NULL, NULL),
(1044, 145, 'Șoldănești', NULL, NULL),
(1045, 145, 'Ștefan Vodă', NULL, NULL),
(1046, 145, 'Taraclia', NULL, NULL),
(1047, 145, 'Telenești', NULL, NULL),
(1048, 145, 'Ungheni', NULL, NULL),
(1049, 150, 'Agadir-Ida Ou Tanane', NULL, NULL),
(1050, 150, 'Azilal', NULL, NULL),
(1051, 150, 'Béni-Mellal', NULL, NULL),
(1052, 150, 'Berkane', NULL, NULL),
(1053, 150, 'Ben Slimane', NULL, NULL),
(1054, 150, 'Boujdour', NULL, NULL),
(1055, 150, 'Boulemane', NULL, NULL),
(1056, 150, 'Berrechid', NULL, NULL),
(1057, 150, 'Casablanca', NULL, NULL),
(1058, 150, 'Chefchaouen', NULL, NULL),
(1059, 150, 'Chichaoua', NULL, NULL),
(1060, 150, 'Chtouka Aït Baha', NULL, NULL),
(1061, 150, 'Driouch', NULL, NULL),
(1062, 150, 'Essaouira', NULL, NULL),
(1063, 150, 'Errachidia', NULL, NULL),
(1064, 150, 'Fahs-Beni Makada', NULL, NULL),
(1065, 150, 'Fès-Dar-Dbibegh', NULL, NULL),
(1066, 150, 'Figuig', NULL, NULL),
(1067, 150, 'Fquih Ben Salah', NULL, NULL),
(1068, 150, 'Guelmim', NULL, NULL),
(1069, 150, 'Guercif', NULL, NULL),
(1070, 150, 'El Hajeb', NULL, NULL),
(1071, 150, 'Al Haouz', NULL, NULL),
(1072, 150, 'Al Hoceïma', NULL, NULL),
(1073, 150, 'Ifrane', NULL, NULL),
(1074, 150, 'Inezgane-Aït Melloul', NULL, NULL),
(1075, 150, 'El Jadida', NULL, NULL),
(1076, 150, 'Jerada', NULL, NULL),
(1077, 150, 'Kénitra', NULL, NULL),
(1078, 150, 'Kelaat Sraghna', NULL, NULL),
(1079, 150, 'Khemisset', NULL, NULL),
(1080, 150, 'Khénifra', NULL, NULL),
(1081, 150, 'Khouribga', NULL, NULL),
(1082, 150, 'Laâyoune', NULL, NULL),
(1083, 150, 'Larache', NULL, NULL),
(1084, 150, 'Marrakech', NULL, NULL),
(1085, 150, 'M’diq-Fnideq', NULL, NULL),
(1086, 150, 'Médiouna', NULL, NULL),
(1087, 150, 'Meknès', NULL, NULL),
(1088, 150, 'Midelt', NULL, NULL),
(1089, 150, 'Marrakech-Medina', NULL, NULL),
(1090, 150, 'Marrakech-Menara', NULL, NULL),
(1091, 150, 'Mohammedia', NULL, NULL),
(1092, 150, 'Moulay Yacoub', NULL, NULL),
(1093, 150, 'Nador', NULL, NULL),
(1094, 150, 'Nouaceur', NULL, NULL),
(1095, 150, 'Ouarzazate', NULL, NULL),
(1096, 150, 'Oued Ed-Dahab', NULL, NULL),
(1097, 150, 'Oujda-Angad', NULL, NULL),
(1098, 150, 'Ouezzane', NULL, NULL),
(1099, 150, 'Rabat', NULL, NULL),
(1100, 150, 'Rehamna', NULL, NULL),
(1101, 150, 'Safi', NULL, NULL),
(1102, 150, 'Salé', NULL, NULL),
(1103, 150, 'Sefrou', NULL, NULL),
(1104, 150, 'Settat', NULL, NULL),
(1105, 150, 'Sidi Bennour', NULL, NULL),
(1106, 150, 'Sidi Ifni', NULL, NULL),
(1107, 150, 'Sidi Kacem', NULL, NULL),
(1108, 150, 'Sidi Slimane', NULL, NULL),
(1109, 150, 'Skhirat-Témara', NULL, NULL),
(1110, 150, 'Sidi Youssef Ben Ali', NULL, NULL),
(1111, 150, 'Tarfaya (EH-partial)', NULL, NULL),
(1112, 150, 'Taourirt', NULL, NULL),
(1113, 150, 'Taounate', NULL, NULL),
(1114, 150, 'Taroudant', NULL, NULL),
(1115, 150, 'Tata', NULL, NULL),
(1116, 150, 'Taza', NULL, NULL),
(1117, 150, 'Tétouan', NULL, NULL),
(1118, 150, 'Tinghir', NULL, NULL),
(1119, 150, 'Tiznit', NULL, NULL),
(1120, 150, 'Tangier-Assilah', NULL, NULL),
(1121, 150, 'Tan-Tan', NULL, NULL),
(1122, 150, 'Youssoufia', NULL, NULL),
(1123, 150, 'Zagora', NULL, NULL),
(1124, 151, 'Cabo Delgado', NULL, NULL),
(1125, 151, 'Gaza', NULL, NULL),
(1126, 151, 'Inhambane', NULL, NULL),
(1127, 151, 'Manica', NULL, NULL),
(1128, 151, 'Maputo Province', NULL, NULL),
(1129, 151, 'Maputo', NULL, NULL),
(1130, 151, 'Nampula', NULL, NULL),
(1131, 151, 'Niassa', NULL, NULL),
(1132, 151, 'Sofala', NULL, NULL),
(1133, 151, 'Tete', NULL, NULL),
(1134, 151, 'Zambézia', NULL, NULL),
(1135, 153, 'Erongo', NULL, NULL),
(1136, 153, 'Hardap', NULL, NULL),
(1137, 153, 'Karas', NULL, NULL),
(1138, 153, 'Kavango East', NULL, NULL),
(1139, 153, 'Kavango West', NULL, NULL),
(1140, 153, 'Khomas', NULL, NULL),
(1141, 153, 'Kunene', NULL, NULL),
(1142, 153, 'Ohangwena', NULL, NULL),
(1143, 153, 'Omaheke', NULL, NULL),
(1144, 153, 'Omusati', NULL, NULL),
(1145, 153, 'Oshana', NULL, NULL),
(1146, 153, 'Oshikoto', NULL, NULL),
(1147, 153, 'Otjozondjupa', NULL, NULL),
(1148, 153, 'Zambezi', NULL, NULL),
(1149, 155, 'Bagmati', NULL, NULL),
(1150, 155, 'Bheri', NULL, NULL),
(1151, 155, 'Dhaulagiri', NULL, NULL),
(1152, 155, 'Gandaki', NULL, NULL),
(1153, 155, 'Janakpur', NULL, NULL),
(1154, 155, 'Karnali', NULL, NULL),
(1155, 155, 'Koshi', NULL, NULL),
(1156, 155, 'Lumbini', NULL, NULL),
(1157, 155, 'Mahakali', NULL, NULL),
(1158, 155, 'Mechi', NULL, NULL),
(1159, 155, 'Narayani', NULL, NULL),
(1160, 155, 'Rapti', NULL, NULL),
(1161, 155, 'Sagarmatha', NULL, NULL),
(1162, 155, 'Seti', NULL, NULL),
(1163, 158, 'Northland', NULL, NULL),
(1164, 158, 'Auckland', NULL, NULL),
(1165, 158, 'Waikato', NULL, NULL),
(1166, 158, 'Bay of Plenty', NULL, NULL),
(1167, 158, 'Taranaki', NULL, NULL),
(1168, 158, 'Gisborne', NULL, NULL),
(1169, 158, 'Hawke’s Bay', NULL, NULL),
(1170, 158, 'Manawatu-Whanganui', NULL, NULL),
(1171, 158, 'Wellington', NULL, NULL),
(1172, 158, 'Nelson', NULL, NULL),
(1173, 158, 'Marlborough', NULL, NULL),
(1174, 158, 'Tasman', NULL, NULL),
(1175, 158, 'West Coast', NULL, NULL),
(1176, 158, 'Canterbury', NULL, NULL),
(1177, 158, 'Otago', NULL, NULL),
(1178, 158, 'Southland', NULL, NULL),
(1179, 159, 'Atlántico Norte', NULL, NULL),
(1180, 159, 'Atlántico Sur', NULL, NULL),
(1181, 159, 'Boaco', NULL, NULL),
(1182, 159, 'Carazo', NULL, NULL),
(1183, 159, 'Chinandega', NULL, NULL),
(1184, 159, 'Chontales', NULL, NULL),
(1185, 159, 'Estelí', NULL, NULL),
(1186, 159, 'Granada', NULL, NULL),
(1187, 159, 'Jinotega', NULL, NULL),
(1188, 159, 'León', NULL, NULL),
(1189, 159, 'Madriz', NULL, NULL),
(1190, 159, 'Managua', NULL, NULL),
(1191, 159, 'Masaya', NULL, NULL),
(1192, 159, 'Matagalpa', NULL, NULL),
(1193, 159, 'Nueva Segovia', NULL, NULL),
(1194, 159, 'Rivas', NULL, NULL),
(1195, 159, 'Río San Juan', NULL, NULL),
(1196, 161, 'Abia', NULL, NULL),
(1197, 161, 'Abuja', NULL, NULL),
(1198, 161, 'Adamawa', NULL, NULL),
(1199, 161, 'Akwa Ibom', NULL, NULL),
(1200, 161, 'Anambra', NULL, NULL),
(1201, 161, 'Bauchi', NULL, NULL),
(1202, 161, 'Bayelsa', NULL, NULL),
(1203, 161, 'Benue', NULL, NULL),
(1204, 161, 'Borno', NULL, NULL),
(1205, 161, 'Cross River', NULL, NULL),
(1206, 161, 'Delta', NULL, NULL),
(1207, 161, 'Ebonyi', NULL, NULL),
(1208, 161, 'Edo', NULL, NULL),
(1209, 161, 'Ekiti', NULL, NULL),
(1210, 161, 'Enugu', NULL, NULL),
(1211, 161, 'Gombe', NULL, NULL),
(1212, 161, 'Imo', NULL, NULL),
(1213, 161, 'Jigawa', NULL, NULL),
(1214, 161, 'Kaduna', NULL, NULL),
(1215, 161, 'Kano', NULL, NULL),
(1216, 161, 'Katsina', NULL, NULL),
(1217, 161, 'Kebbi', NULL, NULL),
(1218, 161, 'Kogi', NULL, NULL),
(1219, 161, 'Kwara', NULL, NULL),
(1220, 161, 'Lagos', NULL, NULL),
(1221, 161, 'Nasarawa', NULL, NULL),
(1222, 161, 'Niger', NULL, NULL),
(1223, 161, 'Ogun', NULL, NULL),
(1224, 161, 'Ondo', NULL, NULL),
(1225, 161, 'Osun', NULL, NULL),
(1226, 161, 'Oyo', NULL, NULL),
(1227, 161, 'Plateau', NULL, NULL),
(1228, 161, 'Rivers', NULL, NULL),
(1229, 161, 'Sokoto', NULL, NULL),
(1230, 161, 'Taraba', NULL, NULL),
(1231, 161, 'Yobe', NULL, NULL),
(1232, 161, 'Zamfara', NULL, NULL),
(1233, 168, 'Azad Kashmir', NULL, NULL),
(1234, 168, 'Balochistan', NULL, NULL),
(1235, 168, 'FATA', NULL, NULL),
(1236, 168, 'Gilgit Baltistan', NULL, NULL),
(1237, 168, 'Islamabad Capital Territory', NULL, NULL),
(1238, 168, 'Khyber Pakhtunkhwa', NULL, NULL),
(1239, 168, 'Punjab', NULL, NULL),
(1240, 168, 'Sindh', NULL, NULL),
(1241, 170, 'Bocas del Toro', NULL, NULL),
(1242, 170, 'Coclé', NULL, NULL),
(1243, 170, 'Colón', NULL, NULL),
(1244, 170, 'Chiriquí', NULL, NULL),
(1245, 170, 'Darién', NULL, NULL),
(1246, 170, 'Herrera', NULL, NULL),
(1247, 170, 'Los Santos', NULL, NULL),
(1248, 170, 'Panamá', NULL, NULL),
(1249, 170, 'Veraguas', NULL, NULL),
(1250, 170, 'West Panamá', NULL, NULL),
(1251, 170, 'Emberá', NULL, NULL),
(1252, 170, 'Guna Yala', NULL, NULL),
(1253, 170, 'Ngöbe-Buglé', NULL, NULL),
(1254, 172, 'Asunción', NULL, NULL),
(1255, 172, 'Concepción', NULL, NULL),
(1256, 172, 'San Pedro', NULL, NULL),
(1257, 172, 'Cordillera', NULL, NULL),
(1258, 172, 'Guairá', NULL, NULL),
(1259, 172, 'Caaguazú', NULL, NULL),
(1260, 172, 'Caazapá', NULL, NULL),
(1261, 172, 'Itapúa', NULL, NULL),
(1262, 172, 'Misiones', NULL, NULL),
(1263, 172, 'Paraguarí', NULL, NULL),
(1264, 172, 'Alto Paraná', NULL, NULL),
(1265, 172, 'Central', NULL, NULL),
(1266, 172, 'Ñeembucú', NULL, NULL),
(1267, 172, 'Amambay', NULL, NULL),
(1268, 172, 'Canindeyú', NULL, NULL),
(1269, 172, 'Presidente Hayes', NULL, NULL),
(1270, 172, 'Alto Paraguay', NULL, NULL),
(1271, 172, 'Boquerón', NULL, NULL),
(1272, 173, 'El Callao', NULL, NULL),
(1273, 173, 'Municipalidad Metropolitana de Lima', NULL, NULL),
(1274, 173, 'Amazonas', NULL, NULL),
(1275, 173, 'Ancash', NULL, NULL),
(1276, 173, 'Apurímac', NULL, NULL),
(1277, 173, 'Arequipa', NULL, NULL),
(1278, 173, 'Ayacucho', NULL, NULL),
(1279, 173, 'Cajamarca', NULL, NULL),
(1280, 173, 'Cusco', NULL, NULL),
(1281, 173, 'Huancavelica', NULL, NULL),
(1282, 173, 'Huánuco', NULL, NULL),
(1283, 173, 'Ica', NULL, NULL),
(1284, 173, 'Junín', NULL, NULL),
(1285, 173, 'La Libertad', NULL, NULL),
(1286, 173, 'Lambayeque', NULL, NULL),
(1287, 173, 'Lima', NULL, NULL),
(1288, 173, 'Loreto', NULL, NULL),
(1289, 173, 'Madre de Dios', NULL, NULL),
(1290, 173, 'Moquegua', NULL, NULL),
(1291, 173, 'Pasco', NULL, NULL),
(1292, 173, 'Piura', NULL, NULL),
(1293, 173, 'Puno', NULL, NULL),
(1294, 173, 'San Martín', NULL, NULL),
(1295, 173, 'Tacna', NULL, NULL),
(1296, 173, 'Tumbes', NULL, NULL),
(1297, 173, 'Ucayali', NULL, NULL),
(1298, 174, 'Abra', NULL, NULL),
(1299, 174, 'Agusan del Norte', NULL, NULL),
(1300, 174, 'Agusan del Sur', NULL, NULL),
(1301, 174, 'Aklan', NULL, NULL),
(1302, 174, 'Albay', NULL, NULL),
(1303, 174, 'Antique', NULL, NULL),
(1304, 174, 'Apayao', NULL, NULL),
(1305, 174, 'Aurora', NULL, NULL),
(1306, 174, 'Basilan', NULL, NULL),
(1307, 174, 'Bataan', NULL, NULL),
(1308, 174, 'Batanes', NULL, NULL),
(1309, 174, 'Batangas', NULL, NULL),
(1310, 174, 'Benguet', NULL, NULL),
(1311, 174, 'Biliran', NULL, NULL),
(1312, 174, 'Bohol', NULL, NULL),
(1313, 174, 'Bukidnon', NULL, NULL),
(1314, 174, 'Bulacan', NULL, NULL),
(1315, 174, 'Cagayan', NULL, NULL),
(1316, 174, 'Camarines Norte', NULL, NULL),
(1317, 174, 'Camarines Sur', NULL, NULL),
(1318, 174, 'Camiguin', NULL, NULL),
(1319, 174, 'Capiz', NULL, NULL),
(1320, 174, 'Catanduanes', NULL, NULL),
(1321, 174, 'Cavite', NULL, NULL),
(1322, 174, 'Cebu', NULL, NULL),
(1323, 174, 'Compostela Valley', NULL, NULL),
(1324, 174, 'Cotabato', NULL, NULL),
(1325, 174, 'Davao del Norte', NULL, NULL),
(1326, 174, 'Davao del Sur', NULL, NULL),
(1327, 174, 'Davao Occidental', NULL, NULL),
(1328, 174, 'Davao Oriental', NULL, NULL),
(1329, 174, 'Dinagat Islands', NULL, NULL),
(1330, 174, 'Eastern Samar', NULL, NULL),
(1331, 174, 'Guimaras', NULL, NULL),
(1332, 174, 'Ifugao', NULL, NULL),
(1333, 174, 'Ilocos Norte', NULL, NULL),
(1334, 174, 'Ilocos Sur', NULL, NULL),
(1335, 174, 'Iloilo', NULL, NULL),
(1336, 174, 'Isabela', NULL, NULL),
(1337, 174, 'Kalinga', NULL, NULL),
(1338, 174, 'La Union', NULL, NULL),
(1339, 174, 'Laguna', NULL, NULL),
(1340, 174, 'Lanao del Norte', NULL, NULL),
(1341, 174, 'Lanao del Sur', NULL, NULL),
(1342, 174, 'Leyte', NULL, NULL),
(1343, 174, 'Maguindanao', NULL, NULL),
(1344, 174, 'Marinduque', NULL, NULL),
(1345, 174, 'Masbate', NULL, NULL),
(1346, 174, 'Misamis Occidental', NULL, NULL),
(1347, 174, 'Misamis Oriental', NULL, NULL),
(1348, 174, 'Mountain Province', NULL, NULL),
(1349, 174, 'Negros Occidental', NULL, NULL),
(1350, 174, 'Negros Oriental', NULL, NULL),
(1351, 174, 'Northern Samar', NULL, NULL),
(1352, 174, 'Nueva Ecija', NULL, NULL),
(1353, 174, 'Nueva Vizcaya', NULL, NULL),
(1354, 174, 'Occidental Mindoro', NULL, NULL),
(1355, 174, 'Oriental Mindoro', NULL, NULL),
(1356, 174, 'Palawan', NULL, NULL),
(1357, 174, 'Pampanga', NULL, NULL),
(1358, 174, 'Pangasinan', NULL, NULL),
(1359, 174, 'Quezon', NULL, NULL),
(1360, 174, 'Quirino', NULL, NULL),
(1361, 174, 'Rizal', NULL, NULL),
(1362, 174, 'Romblon', NULL, NULL),
(1363, 174, 'Samar', NULL, NULL),
(1364, 174, 'Sarangani', NULL, NULL),
(1365, 174, 'Siquijor', NULL, NULL),
(1366, 174, 'Sorsogon', NULL, NULL),
(1367, 174, 'South Cotabato', NULL, NULL),
(1368, 174, 'Southern Leyte', NULL, NULL),
(1369, 174, 'Sultan Kudarat', NULL, NULL),
(1370, 174, 'Sulu', NULL, NULL),
(1371, 174, 'Surigao del Norte', NULL, NULL),
(1372, 174, 'Surigao del Sur', NULL, NULL),
(1373, 174, 'Tarlac', NULL, NULL),
(1374, 174, 'Tawi-Tawi', NULL, NULL),
(1375, 174, 'Zambales', NULL, NULL),
(1376, 174, 'Zamboanga del Norte', NULL, NULL),
(1377, 174, 'Zamboanga del Sur', NULL, NULL),
(1378, 174, 'Zamboanga Sibugay', NULL, NULL),
(1379, 174, 'Metro Manila', NULL, NULL),
(1380, 181, 'Alba', NULL, NULL),
(1381, 181, 'Arad', NULL, NULL),
(1382, 181, 'Argeș', NULL, NULL),
(1383, 181, 'Bacău', NULL, NULL),
(1384, 181, 'Bihor', NULL, NULL),
(1385, 181, 'Bistrița-Năsăud', NULL, NULL),
(1386, 181, 'Botoșani', NULL, NULL),
(1387, 181, 'Brăila', NULL, NULL),
(1388, 181, 'Brașov', NULL, NULL),
(1389, 181, 'București', NULL, NULL),
(1390, 181, 'Buzău', NULL, NULL),
(1391, 181, 'Călărași', NULL, NULL),
(1392, 181, 'Caraș-Severin', NULL, NULL),
(1393, 181, 'Cluj', NULL, NULL),
(1394, 181, 'Constanța', NULL, NULL),
(1395, 181, 'Covasna', NULL, NULL),
(1396, 181, 'Dâmbovița', NULL, NULL),
(1397, 181, 'Dolj', NULL, NULL),
(1398, 181, 'Galați', NULL, NULL),
(1399, 181, 'Giurgiu', NULL, NULL),
(1400, 181, 'Gorj', NULL, NULL),
(1401, 181, 'Harghita', NULL, NULL),
(1402, 181, 'Hunedoara', NULL, NULL),
(1403, 181, 'Ialomița', NULL, NULL),
(1404, 181, 'Iași', NULL, NULL),
(1405, 181, 'Ilfov', NULL, NULL),
(1406, 181, 'Maramureș', NULL, NULL),
(1407, 181, 'Mehedinți', NULL, NULL),
(1408, 181, 'Mureș', NULL, NULL),
(1409, 181, 'Neamț', NULL, NULL),
(1410, 181, 'Olt', NULL, NULL),
(1411, 181, 'Prahova', NULL, NULL),
(1412, 181, 'Sălaj', NULL, NULL),
(1413, 181, 'Satu Mare', NULL, NULL),
(1414, 181, 'Sibiu', NULL, NULL),
(1415, 181, 'Suceava', NULL, NULL),
(1416, 181, 'Teleorman', NULL, NULL),
(1417, 181, 'Timiș', NULL, NULL),
(1418, 181, 'Tulcea', NULL, NULL),
(1419, 181, 'Vâlcea', NULL, NULL),
(1420, 181, 'Vaslui', NULL, NULL),
(1421, 181, 'Vrancea', NULL, NULL),
(1422, 186, 'Saint Kitts', NULL, NULL),
(1423, 186, 'Nevis', NULL, NULL),
(1424, 186, 'Christ Church Nichola Town', NULL, NULL);
INSERT INTO `states` (`id`, `country_id`, `name`, `created_at`, `updated_at`) VALUES
(1425, 186, 'Saint Anne Sandy Point', NULL, NULL),
(1426, 186, 'Saint George Basseterre', NULL, NULL),
(1427, 186, 'Saint George Gingerland', NULL, NULL),
(1428, 186, 'Saint James Windward', NULL, NULL),
(1429, 186, 'Saint John Capisterre', NULL, NULL),
(1430, 186, 'Saint John Figtree', NULL, NULL),
(1431, 186, 'Saint Mary Cayon', NULL, NULL),
(1432, 186, 'Saint Paul Capisterre', NULL, NULL),
(1433, 186, 'Saint Paul Charlestown', NULL, NULL),
(1434, 186, 'Saint Peter Basseterre', NULL, NULL),
(1435, 186, 'Saint Thomas Lowland', NULL, NULL),
(1436, 186, 'Saint Thomas Middle Island', NULL, NULL),
(1437, 186, 'Trinity Palmetto Point', NULL, NULL),
(1438, 195, 'Diourbel', NULL, NULL),
(1439, 195, 'Dakar', NULL, NULL),
(1440, 195, 'Fatick', NULL, NULL),
(1441, 195, 'Kaffrine', NULL, NULL),
(1442, 195, 'Kolda', NULL, NULL),
(1443, 195, 'Kédougou', NULL, NULL),
(1444, 195, 'Kaolack', NULL, NULL),
(1445, 195, 'Louga', NULL, NULL),
(1446, 195, 'Matam', NULL, NULL),
(1447, 195, 'Sédhiou', NULL, NULL),
(1448, 195, 'Saint-Louis', NULL, NULL),
(1449, 195, 'Tambacounda', NULL, NULL),
(1450, 195, 'Thiès', NULL, NULL),
(1451, 195, 'Ziguinchor', NULL, NULL),
(1452, 196, 'Belgrade', NULL, NULL),
(1453, 196, 'Bor', NULL, NULL),
(1454, 196, 'Braničevo', NULL, NULL),
(1455, 196, 'Central Banat', NULL, NULL),
(1456, 196, 'Danube', NULL, NULL),
(1457, 196, 'Jablanica', NULL, NULL),
(1458, 196, 'Kolubara', NULL, NULL),
(1459, 196, 'Mačva', NULL, NULL),
(1460, 196, 'Morava', NULL, NULL),
(1461, 196, 'Nišava', NULL, NULL),
(1462, 196, 'North Bačka', NULL, NULL),
(1463, 196, 'North Banat', NULL, NULL),
(1464, 196, 'Pčinja', NULL, NULL),
(1465, 196, 'Pirot', NULL, NULL),
(1466, 196, 'Pomoravlje', NULL, NULL),
(1467, 196, 'Rasina', NULL, NULL),
(1468, 196, 'Raška', NULL, NULL),
(1469, 196, 'South Bačka', NULL, NULL),
(1470, 196, 'South Banat', NULL, NULL),
(1471, 196, 'Srem', NULL, NULL),
(1472, 196, 'Šumadija', NULL, NULL),
(1473, 196, 'Toplica', NULL, NULL),
(1474, 196, 'West Bačka', NULL, NULL),
(1475, 196, 'Zaječar', NULL, NULL),
(1476, 196, 'Zlatibor', NULL, NULL),
(1477, 196, 'Kosovo', NULL, NULL),
(1478, 196, 'Peć', NULL, NULL),
(1479, 196, 'Prizren', NULL, NULL),
(1480, 196, 'Kosovska Mitrovica', NULL, NULL),
(1481, 196, 'Kosovo-Pomoravlje', NULL, NULL),
(1482, 196, 'Kosovo-Metohija', NULL, NULL),
(1483, 196, 'Vojvodina', NULL, NULL),
(1484, 204, 'Eastern Cape', NULL, NULL),
(1485, 204, 'Free State', NULL, NULL),
(1486, 204, 'Gauteng', NULL, NULL),
(1487, 204, 'KwaZulu-Natal', NULL, NULL),
(1488, 204, 'Limpopo', NULL, NULL),
(1489, 204, 'Mpumalanga', NULL, NULL),
(1490, 204, 'Northern Cape', NULL, NULL),
(1491, 204, 'North West', NULL, NULL),
(1492, 204, 'Western Cape', NULL, NULL),
(1493, 208, 'A Coruña', NULL, NULL),
(1494, 208, 'Araba/Álava', NULL, NULL),
(1495, 208, 'Albacete', NULL, NULL),
(1496, 208, 'Alicante', NULL, NULL),
(1497, 208, 'Almería', NULL, NULL),
(1498, 208, 'Asturias', NULL, NULL),
(1499, 208, 'Ávila', NULL, NULL),
(1500, 208, 'Badajoz', NULL, NULL),
(1501, 208, 'Baleares', NULL, NULL),
(1502, 208, 'Barcelona', NULL, NULL),
(1503, 208, 'Burgos', NULL, NULL),
(1504, 208, 'Cáceres', NULL, NULL),
(1505, 208, 'Cádiz', NULL, NULL),
(1506, 208, 'Cantabria', NULL, NULL),
(1507, 208, 'Castellón', NULL, NULL),
(1508, 208, 'Ceuta', NULL, NULL),
(1509, 208, 'Ciudad Real', NULL, NULL),
(1510, 208, 'Córdoba', NULL, NULL),
(1511, 208, 'Cuenca', NULL, NULL),
(1512, 208, 'Girona', NULL, NULL),
(1513, 208, 'Granada', NULL, NULL),
(1514, 208, 'Guadalajara', NULL, NULL),
(1515, 208, 'Gipuzkoa', NULL, NULL),
(1516, 208, 'Huelva', NULL, NULL),
(1517, 208, 'Huesca', NULL, NULL),
(1518, 208, 'Jaén', NULL, NULL),
(1519, 208, 'La Rioja', NULL, NULL),
(1520, 208, 'Las Palmas', NULL, NULL),
(1521, 208, 'León', NULL, NULL),
(1522, 208, 'Lleida', NULL, NULL),
(1523, 208, 'Lugo', NULL, NULL),
(1524, 208, 'Madrid', NULL, NULL),
(1525, 208, 'Málaga', NULL, NULL),
(1526, 208, 'Melilla', NULL, NULL),
(1527, 208, 'Murcia', NULL, NULL),
(1528, 208, 'Navarra', NULL, NULL),
(1529, 208, 'Ourense', NULL, NULL),
(1530, 208, 'Palencia', NULL, NULL),
(1531, 208, 'Pontevedra', NULL, NULL),
(1532, 208, 'Salamanca', NULL, NULL),
(1533, 208, 'Santa Cruz de Tenerife', NULL, NULL),
(1534, 208, 'Segovia', NULL, NULL),
(1535, 208, 'Sevilla', NULL, NULL),
(1536, 208, 'Soria', NULL, NULL),
(1537, 208, 'Tarragona', NULL, NULL),
(1538, 208, 'Teruel', NULL, NULL),
(1539, 208, 'Toledo', NULL, NULL),
(1540, 208, 'Valencia', NULL, NULL),
(1541, 208, 'Valladolid', NULL, NULL),
(1542, 208, 'Biscay', NULL, NULL),
(1543, 208, 'Zamora', NULL, NULL),
(1544, 208, 'Zaragoza', NULL, NULL),
(1545, 215, 'Aargau', NULL, NULL),
(1546, 215, 'Appenzell Ausserrhoden', NULL, NULL),
(1547, 215, 'Appenzell Innerrhoden', NULL, NULL),
(1548, 215, 'Basel-Landschaft', NULL, NULL),
(1549, 215, 'Basel-Stadt', NULL, NULL),
(1550, 215, 'Bern', NULL, NULL),
(1551, 215, 'Fribourg', NULL, NULL),
(1552, 215, 'Geneva', NULL, NULL),
(1553, 215, 'Glarus', NULL, NULL),
(1554, 215, 'Graubünden', NULL, NULL),
(1555, 215, 'Jura', NULL, NULL),
(1556, 215, 'Luzern', NULL, NULL),
(1557, 215, 'Neuchâtel', NULL, NULL),
(1558, 215, 'Nidwalden', NULL, NULL),
(1559, 215, 'Obwalden', NULL, NULL),
(1560, 215, 'Schaffhausen', NULL, NULL),
(1561, 215, 'Schwyz', NULL, NULL),
(1562, 215, 'Solothurn', NULL, NULL),
(1563, 215, 'St. Gallen', NULL, NULL),
(1564, 215, 'Thurgau', NULL, NULL),
(1565, 215, 'Ticino', NULL, NULL),
(1566, 215, 'Uri', NULL, NULL),
(1567, 215, 'Valais', NULL, NULL),
(1568, 215, 'Vaud', NULL, NULL),
(1569, 215, 'Zug', NULL, NULL),
(1570, 215, 'Zürich', NULL, NULL),
(1571, 219, 'Arusha', NULL, NULL),
(1572, 219, 'Dar es Salaam', NULL, NULL),
(1573, 219, 'Dodoma', NULL, NULL),
(1574, 219, 'Iringa', NULL, NULL),
(1575, 219, 'Kagera', NULL, NULL),
(1576, 219, 'Pemba North', NULL, NULL),
(1577, 219, 'Zanzibar North', NULL, NULL),
(1578, 219, 'Kigoma', NULL, NULL),
(1579, 219, 'Kilimanjaro', NULL, NULL),
(1580, 219, 'Pemba South', NULL, NULL),
(1581, 219, 'Zanzibar South', NULL, NULL),
(1582, 219, 'Lindi', NULL, NULL),
(1583, 219, 'Mara', NULL, NULL),
(1584, 219, 'Mbeya', NULL, NULL),
(1585, 219, 'Zanzibar West', NULL, NULL),
(1586, 219, 'Morogoro', NULL, NULL),
(1587, 219, 'Mtwara', NULL, NULL),
(1588, 219, 'Mwanza', NULL, NULL),
(1589, 219, 'Coast', NULL, NULL),
(1590, 219, 'Rukwa', NULL, NULL),
(1591, 219, 'Ruvuma', NULL, NULL),
(1592, 219, 'Shinyanga', NULL, NULL),
(1593, 219, 'Singida', NULL, NULL),
(1594, 219, 'Tabora', NULL, NULL),
(1595, 219, 'Tanga', NULL, NULL),
(1596, 219, 'Manyara', NULL, NULL),
(1597, 219, 'Geita', NULL, NULL),
(1598, 219, 'Katavi', NULL, NULL),
(1599, 219, 'Njombe', NULL, NULL),
(1600, 219, 'Simiyu', NULL, NULL),
(1601, 220, 'Amnat Charoen', NULL, NULL),
(1602, 220, 'Ang Thong', NULL, NULL),
(1603, 220, 'Ayutthaya', NULL, NULL),
(1604, 220, 'Bangkok', NULL, NULL),
(1605, 220, 'Bueng Kan', NULL, NULL),
(1606, 220, 'Buri Ram', NULL, NULL),
(1607, 220, 'Chachoengsao', NULL, NULL),
(1608, 220, 'Chai Nat', NULL, NULL),
(1609, 220, 'Chaiyaphum', NULL, NULL),
(1610, 220, 'Chanthaburi', NULL, NULL),
(1611, 220, 'Chiang Mai', NULL, NULL),
(1612, 220, 'Chiang Rai', NULL, NULL),
(1613, 220, 'Chonburi', NULL, NULL),
(1614, 220, 'Chumphon', NULL, NULL),
(1615, 220, 'Kalasin', NULL, NULL),
(1616, 220, 'Kamphaeng Phet', NULL, NULL),
(1617, 220, 'Kanchanaburi', NULL, NULL),
(1618, 220, 'Khon Kaen', NULL, NULL),
(1619, 220, 'Krabi', NULL, NULL),
(1620, 220, 'Lampang', NULL, NULL),
(1621, 220, 'Lamphun', NULL, NULL),
(1622, 220, 'Loei', NULL, NULL),
(1623, 220, 'Lopburi', NULL, NULL),
(1624, 220, 'Mae Hong Son', NULL, NULL),
(1625, 220, 'Maha Sarakham', NULL, NULL),
(1626, 220, 'Mukdahan', NULL, NULL),
(1627, 220, 'Nakhon Nayok', NULL, NULL),
(1628, 220, 'Nakhon Pathom', NULL, NULL),
(1629, 220, 'Nakhon Phanom', NULL, NULL),
(1630, 220, 'Nakhon Ratchasima', NULL, NULL),
(1631, 220, 'Nakhon Sawan', NULL, NULL),
(1632, 220, 'Nakhon Si Thammarat', NULL, NULL),
(1633, 220, 'Nan', NULL, NULL),
(1634, 220, 'Narathiwat', NULL, NULL),
(1635, 220, 'Nong Bua Lam Phu', NULL, NULL),
(1636, 220, 'Nong Khai', NULL, NULL),
(1637, 220, 'Nonthaburi', NULL, NULL),
(1638, 220, 'Pathum Thani', NULL, NULL),
(1639, 220, 'Pattani', NULL, NULL),
(1640, 220, 'Phang Nga', NULL, NULL),
(1641, 220, 'Phatthalung', NULL, NULL),
(1642, 220, 'Phayao', NULL, NULL),
(1643, 220, 'Phetchabun', NULL, NULL),
(1644, 220, 'Phetchaburi', NULL, NULL),
(1645, 220, 'Phichit', NULL, NULL),
(1646, 220, 'Phitsanulok', NULL, NULL),
(1647, 220, 'Phrae', NULL, NULL),
(1648, 220, 'Phuket', NULL, NULL),
(1649, 220, 'Prachin Buri', NULL, NULL),
(1650, 220, 'Prachuap Khiri Khan', NULL, NULL),
(1651, 220, 'Ranong', NULL, NULL),
(1652, 220, 'Ratchaburi', NULL, NULL),
(1653, 220, 'Rayong', NULL, NULL),
(1654, 220, 'Roi Et', NULL, NULL),
(1655, 220, 'Sa Kaeo', NULL, NULL),
(1656, 220, 'Sakon Nakhon', NULL, NULL),
(1657, 220, 'Samut Prakan', NULL, NULL),
(1658, 220, 'Samut Sakhon', NULL, NULL),
(1659, 220, 'Samut Songkhram', NULL, NULL),
(1660, 220, 'Saraburi', NULL, NULL),
(1661, 220, 'Satun', NULL, NULL),
(1662, 220, 'Sing Buri', NULL, NULL),
(1663, 220, 'Sisaket', NULL, NULL),
(1664, 220, 'Songkhla', NULL, NULL),
(1665, 220, 'Sukhothai', NULL, NULL),
(1666, 220, 'Suphan Buri', NULL, NULL),
(1667, 220, 'Surat Thani', NULL, NULL),
(1668, 220, 'Surin', NULL, NULL),
(1669, 220, 'Tak', NULL, NULL),
(1670, 220, 'Trang', NULL, NULL),
(1671, 220, 'Trat', NULL, NULL),
(1672, 220, 'Ubon Ratchathani', NULL, NULL),
(1673, 220, 'Udon Thani', NULL, NULL),
(1674, 220, 'Uthai Thani', NULL, NULL),
(1675, 220, 'Uttaradit', NULL, NULL),
(1676, 220, 'Yala', NULL, NULL),
(1677, 220, 'Yasothon', NULL, NULL),
(1678, 227, 'Adana', NULL, NULL),
(1679, 227, 'Adıyaman', NULL, NULL),
(1680, 227, 'Afyon', NULL, NULL),
(1681, 227, 'Ağrı', NULL, NULL),
(1682, 227, 'Amasya', NULL, NULL),
(1683, 227, 'Ankara', NULL, NULL),
(1684, 227, 'Antalya', NULL, NULL),
(1685, 227, 'Artvin', NULL, NULL),
(1686, 227, 'Aydın', NULL, NULL),
(1687, 227, 'Balıkesir', NULL, NULL),
(1688, 227, 'Bilecik', NULL, NULL),
(1689, 227, 'Bingöl', NULL, NULL),
(1690, 227, 'Bitlis', NULL, NULL),
(1691, 227, 'Bolu', NULL, NULL),
(1692, 227, 'Burdur', NULL, NULL),
(1693, 227, 'Bursa', NULL, NULL),
(1694, 227, 'Çanakkale', NULL, NULL),
(1695, 227, 'Çankırı', NULL, NULL),
(1696, 227, 'Çorum', NULL, NULL),
(1697, 227, 'Denizli', NULL, NULL),
(1698, 227, 'Diyarbakır', NULL, NULL),
(1699, 227, 'Edirne', NULL, NULL),
(1700, 227, 'Elazığ', NULL, NULL),
(1701, 227, 'Erzincan', NULL, NULL),
(1702, 227, 'Erzurum', NULL, NULL),
(1703, 227, 'Eskişehir', NULL, NULL),
(1704, 227, 'Gaziantep', NULL, NULL),
(1705, 227, 'Giresun', NULL, NULL),
(1706, 227, 'Gümüşhane', NULL, NULL),
(1707, 227, 'Hakkari', NULL, NULL),
(1708, 227, 'Hatay', NULL, NULL),
(1709, 227, 'Isparta', NULL, NULL),
(1710, 227, 'İçel', NULL, NULL),
(1711, 227, 'İstanbul', NULL, NULL),
(1712, 227, 'İzmir', NULL, NULL),
(1713, 227, 'Kars', NULL, NULL),
(1714, 227, 'Kastamonu', NULL, NULL),
(1715, 227, 'Kayseri', NULL, NULL),
(1716, 227, 'Kırklareli', NULL, NULL),
(1717, 227, 'Kırşehir', NULL, NULL),
(1718, 227, 'Kocaeli', NULL, NULL),
(1719, 227, 'Konya', NULL, NULL),
(1720, 227, 'Kütahya', NULL, NULL),
(1721, 227, 'Malatya', NULL, NULL),
(1722, 227, 'Manisa', NULL, NULL),
(1723, 227, 'Kahramanmaraş', NULL, NULL),
(1724, 227, 'Mardin', NULL, NULL),
(1725, 227, 'Muğla', NULL, NULL),
(1726, 227, 'Muş', NULL, NULL),
(1727, 227, 'Nevşehir', NULL, NULL),
(1728, 227, 'Niğde', NULL, NULL),
(1729, 227, 'Ordu', NULL, NULL),
(1730, 227, 'Rize', NULL, NULL),
(1731, 227, 'Sakarya', NULL, NULL),
(1732, 227, 'Samsun', NULL, NULL),
(1733, 227, 'Siirt', NULL, NULL),
(1734, 227, 'Sinop', NULL, NULL),
(1735, 227, 'Sivas', NULL, NULL),
(1736, 227, 'Tekirdağ', NULL, NULL),
(1737, 227, 'Tokat', NULL, NULL),
(1738, 227, 'Trabzon', NULL, NULL),
(1739, 227, 'Tunceli', NULL, NULL),
(1740, 227, 'Şanlıurfa', NULL, NULL),
(1741, 227, 'Uşak', NULL, NULL),
(1742, 227, 'Van', NULL, NULL),
(1743, 227, 'Yozgat', NULL, NULL),
(1744, 227, 'Zonguldak', NULL, NULL),
(1745, 227, 'Aksaray', NULL, NULL),
(1746, 227, 'Bayburt', NULL, NULL),
(1747, 227, 'Karaman', NULL, NULL),
(1748, 227, 'Kırıkkale', NULL, NULL),
(1749, 227, 'Batman', NULL, NULL),
(1750, 227, 'Şırnak', NULL, NULL),
(1751, 227, 'Bartın', NULL, NULL),
(1752, 227, 'Ardahan', NULL, NULL),
(1753, 227, 'Iğdır', NULL, NULL),
(1754, 227, 'Yalova', NULL, NULL),
(1755, 227, 'Karabük', NULL, NULL),
(1756, 227, 'Kilis', NULL, NULL),
(1757, 227, 'Osmaniye', NULL, NULL),
(1758, 227, 'Düzce', NULL, NULL),
(1759, 231, 'Abim', NULL, NULL),
(1760, 231, 'Adjumani', NULL, NULL),
(1761, 231, 'Agago', NULL, NULL),
(1762, 231, 'Alebtong', NULL, NULL),
(1763, 231, 'Amolatar', NULL, NULL),
(1764, 231, 'Amudat', NULL, NULL),
(1765, 231, 'Amuria', NULL, NULL),
(1766, 231, 'Amuru', NULL, NULL),
(1767, 231, 'Apac', NULL, NULL),
(1768, 231, 'Arua', NULL, NULL),
(1769, 231, 'Budaka', NULL, NULL),
(1770, 231, 'Bududa', NULL, NULL),
(1771, 231, 'Bugiri', NULL, NULL),
(1772, 231, 'Bugweri', NULL, NULL),
(1773, 231, 'Buhweju', NULL, NULL),
(1774, 231, 'Buikwe', NULL, NULL),
(1775, 231, 'Bukedea', NULL, NULL),
(1776, 231, 'Bukomansimbi', NULL, NULL),
(1777, 231, 'Bukwa', NULL, NULL),
(1778, 231, 'Bulambuli', NULL, NULL),
(1779, 231, 'Buliisa', NULL, NULL),
(1780, 231, 'Bundibugyo', NULL, NULL),
(1781, 231, 'Bunyangabu', NULL, NULL),
(1782, 231, 'Bushenyi', NULL, NULL),
(1783, 231, 'Busia', NULL, NULL),
(1784, 231, 'Butaleja', NULL, NULL),
(1785, 231, 'Butambala', NULL, NULL),
(1786, 231, 'Butebo', NULL, NULL),
(1787, 231, 'Buvuma', NULL, NULL),
(1788, 231, 'Buyende', NULL, NULL),
(1789, 231, 'Dokolo', NULL, NULL),
(1790, 231, 'Gomba', NULL, NULL),
(1791, 231, 'Gulu', NULL, NULL),
(1792, 231, 'Hoima', NULL, NULL),
(1793, 231, 'Ibanda', NULL, NULL),
(1794, 231, 'Iganga', NULL, NULL),
(1795, 231, 'Isingiro', NULL, NULL),
(1796, 231, 'Jinja', NULL, NULL),
(1797, 231, 'Kaabong', NULL, NULL),
(1798, 231, 'Kabale', NULL, NULL),
(1799, 231, 'Kabarole', NULL, NULL),
(1800, 231, 'Kaberamaido', NULL, NULL),
(1801, 231, 'Kagadi', NULL, NULL),
(1802, 231, 'Kakumiro', NULL, NULL),
(1803, 231, 'Kalangala', NULL, NULL),
(1804, 231, 'Kaliro', NULL, NULL),
(1805, 231, 'Kalungu', NULL, NULL),
(1806, 231, 'Kampala', NULL, NULL),
(1807, 231, 'Kamuli', NULL, NULL),
(1808, 231, 'Kamwenge', NULL, NULL),
(1809, 231, 'Kanungu', NULL, NULL),
(1810, 231, 'Kapchorwa', NULL, NULL),
(1811, 231, 'Kapelebyong', NULL, NULL),
(1812, 231, 'Kasanda', NULL, NULL),
(1813, 231, 'Kasese', NULL, NULL),
(1814, 231, 'Katakwi', NULL, NULL),
(1815, 231, 'Kayunga', NULL, NULL),
(1816, 231, 'Kibaale', NULL, NULL),
(1817, 231, 'Kiboga', NULL, NULL),
(1818, 231, 'Kibuku', NULL, NULL),
(1819, 231, 'Kikuube', NULL, NULL),
(1820, 231, 'Kiruhura', NULL, NULL),
(1821, 231, 'Kiryandongo', NULL, NULL),
(1822, 231, 'Kisoro', NULL, NULL),
(1823, 231, 'Kitgum', NULL, NULL),
(1824, 231, 'Koboko', NULL, NULL),
(1825, 231, 'Kole', NULL, NULL),
(1826, 231, 'Kotido', NULL, NULL),
(1827, 231, 'Kumi', NULL, NULL),
(1828, 231, 'Kwania', NULL, NULL),
(1829, 231, 'Kween', NULL, NULL),
(1830, 231, 'Kyankwanzi', NULL, NULL),
(1831, 231, 'Kyegegwa', NULL, NULL),
(1832, 231, 'Kyenjojo', NULL, NULL),
(1833, 231, 'Kyotera', NULL, NULL),
(1834, 231, 'Lamwo', NULL, NULL),
(1835, 231, 'Lira', NULL, NULL),
(1836, 231, 'Luuka', NULL, NULL),
(1837, 231, 'Luwero', NULL, NULL),
(1838, 231, 'Lwengo', NULL, NULL),
(1839, 231, 'Lyantonde', NULL, NULL),
(1840, 231, 'Manafwa', NULL, NULL),
(1841, 231, 'Maracha', NULL, NULL),
(1842, 231, 'Masaka', NULL, NULL),
(1843, 231, 'Masindi', NULL, NULL),
(1844, 231, 'Mayuge', NULL, NULL),
(1845, 231, 'Mbale', NULL, NULL),
(1846, 231, 'Mbarara', NULL, NULL),
(1847, 231, 'Mitooma', NULL, NULL),
(1848, 231, 'Mityana', NULL, NULL),
(1849, 231, 'Moroto', NULL, NULL),
(1850, 231, 'Moyo', NULL, NULL),
(1851, 231, 'Mpigi', NULL, NULL),
(1852, 231, 'Mubende', NULL, NULL),
(1853, 231, 'Mukono', NULL, NULL),
(1854, 231, 'Nabilatuk', NULL, NULL),
(1855, 231, 'Nakapiripirit', NULL, NULL),
(1856, 231, 'Nakaseke', NULL, NULL),
(1857, 231, 'Nakasongola', NULL, NULL),
(1858, 231, 'Namayingo', NULL, NULL),
(1859, 231, 'Namisindwa', NULL, NULL),
(1860, 231, 'Namutumba', NULL, NULL),
(1861, 231, 'Napak', NULL, NULL),
(1862, 231, 'Nebbi', NULL, NULL),
(1863, 231, 'Ngora', NULL, NULL),
(1864, 231, 'Ntoroko', NULL, NULL),
(1865, 231, 'Ntungamo', NULL, NULL),
(1866, 231, 'Nwoya', NULL, NULL),
(1867, 231, 'Omoro', NULL, NULL),
(1868, 231, 'Otuke', NULL, NULL),
(1869, 231, 'Oyam', NULL, NULL),
(1870, 231, 'Pader', NULL, NULL),
(1871, 231, 'Pakwach', NULL, NULL),
(1872, 231, 'Pallisa', NULL, NULL),
(1873, 231, 'Rakai', NULL, NULL),
(1874, 231, 'Rubanda', NULL, NULL),
(1875, 231, 'Rubirizi', NULL, NULL),
(1876, 231, 'Rukiga', NULL, NULL),
(1877, 231, 'Rukungiri', NULL, NULL),
(1878, 231, 'Sembabule', NULL, NULL),
(1879, 231, 'Serere', NULL, NULL),
(1880, 231, 'Sheema', NULL, NULL),
(1881, 231, 'Sironko', NULL, NULL),
(1882, 231, 'Soroti', NULL, NULL),
(1883, 231, 'Tororo', NULL, NULL),
(1884, 231, 'Wakiso', NULL, NULL),
(1885, 231, 'Yumbe', NULL, NULL),
(1886, 231, 'Zombo', NULL, NULL),
(1887, 232, 'Vinnychchyna', NULL, NULL),
(1888, 232, 'Volyn', NULL, NULL),
(1889, 232, 'Luhanshchyna', NULL, NULL),
(1890, 232, 'Dnipropetrovshchyna', NULL, NULL),
(1891, 232, 'Donechchyna', NULL, NULL),
(1892, 232, 'Zhytomyrshchyna', NULL, NULL),
(1893, 232, 'Zakarpattia', NULL, NULL),
(1894, 232, 'Zaporizhzhya', NULL, NULL),
(1895, 232, 'Prykarpattia', NULL, NULL),
(1896, 232, 'Kyiv', NULL, NULL),
(1897, 232, 'Kyivshchyna', NULL, NULL),
(1898, 232, 'Kirovohradschyna', NULL, NULL),
(1899, 232, 'Sevastopol', NULL, NULL),
(1900, 232, 'Crimea', NULL, NULL),
(1901, 232, 'Lvivshchyna', NULL, NULL),
(1902, 232, 'Mykolayivschyna', NULL, NULL),
(1903, 232, 'Odeshchyna', NULL, NULL),
(1904, 232, 'Poltavshchyna', NULL, NULL),
(1905, 232, 'Rivnenshchyna', NULL, NULL),
(1906, 232, 'Sumshchyna', NULL, NULL),
(1907, 232, 'Ternopilshchyna', NULL, NULL),
(1908, 232, 'Kharkivshchyna', NULL, NULL),
(1909, 232, 'Khersonshchyna', NULL, NULL),
(1910, 232, 'Khmelnychchyna', NULL, NULL),
(1911, 232, 'Cherkashchyna', NULL, NULL),
(1912, 232, 'Chernihivshchyna', NULL, NULL),
(1913, 232, 'Chernivtsi Oblast', NULL, NULL),
(1914, 235, 'Alabama', NULL, NULL),
(1915, 235, 'Alaska', NULL, NULL),
(1916, 235, 'Arizona', NULL, NULL),
(1917, 235, 'Arkansas', NULL, NULL),
(1918, 235, 'California', NULL, NULL),
(1919, 235, 'Colorado', NULL, NULL),
(1920, 235, 'Connecticut', NULL, NULL),
(1921, 235, 'Delaware', NULL, NULL),
(1922, 235, 'District of Columbia', NULL, NULL),
(1923, 235, 'Florida', NULL, NULL),
(1924, 235, 'Georgia', NULL, NULL),
(1925, 235, 'Hawaii', NULL, NULL),
(1926, 235, 'Idaho', NULL, NULL),
(1927, 235, 'Illinois', NULL, NULL),
(1928, 235, 'Indiana', NULL, NULL),
(1929, 235, 'Iowa', NULL, NULL),
(1930, 235, 'Kansas', NULL, NULL),
(1931, 235, 'Kentucky', NULL, NULL),
(1932, 235, 'Louisiana', NULL, NULL),
(1933, 235, 'Maine', NULL, NULL),
(1934, 235, 'Maryland', NULL, NULL),
(1935, 235, 'Massachusetts', NULL, NULL),
(1936, 235, 'Michigan', NULL, NULL),
(1937, 235, 'Minnesota', NULL, NULL),
(1938, 235, 'Mississippi', NULL, NULL),
(1939, 235, 'Missouri', NULL, NULL),
(1940, 235, 'Montana', NULL, NULL),
(1941, 235, 'Nebraska', NULL, NULL),
(1942, 235, 'Nevada', NULL, NULL),
(1943, 235, 'New Hampshire', NULL, NULL),
(1944, 235, 'New Jersey', NULL, NULL),
(1945, 235, 'New Mexico', NULL, NULL),
(1946, 235, 'New York', NULL, NULL),
(1947, 235, 'North Carolina', NULL, NULL),
(1948, 235, 'North Dakota', NULL, NULL),
(1949, 235, 'Ohio', NULL, NULL),
(1950, 235, 'Oklahoma', NULL, NULL),
(1951, 235, 'Oregon', NULL, NULL),
(1952, 235, 'Pennsylvania', NULL, NULL),
(1953, 235, 'Rhode Island', NULL, NULL),
(1954, 235, 'South Carolina', NULL, NULL),
(1955, 235, 'South Dakota', NULL, NULL),
(1956, 235, 'Tennessee', NULL, NULL),
(1957, 235, 'Texas', NULL, NULL),
(1958, 235, 'Utah', NULL, NULL),
(1959, 235, 'Vermont', NULL, NULL),
(1960, 235, 'Virginia', NULL, NULL),
(1961, 235, 'Washington', NULL, NULL),
(1962, 235, 'West Virginia', NULL, NULL),
(1963, 235, 'Wisconsin', NULL, NULL),
(1964, 235, 'Wyoming', NULL, NULL),
(1965, 235, 'Armed Forces (AA)', NULL, NULL),
(1966, 235, 'Armed Forces (AE)', NULL, NULL),
(1967, 235, 'Armed Forces (AP)', NULL, NULL),
(1968, 236, 'Baker Island', NULL, NULL),
(1969, 236, 'Howland Island', NULL, NULL),
(1970, 236, 'Jarvis Island', NULL, NULL),
(1971, 236, 'Johnston Atoll', NULL, NULL),
(1972, 236, 'Kingman Reef', NULL, NULL),
(1973, 236, 'Midway Atoll', NULL, NULL),
(1974, 236, 'Navassa Island', NULL, NULL),
(1975, 236, 'Palmyra Atoll', NULL, NULL),
(1976, 236, 'Wake Island', NULL, NULL),
(1977, 237, 'Artigas', NULL, NULL),
(1978, 237, 'Canelones', NULL, NULL),
(1979, 237, 'Cerro Largo', NULL, NULL),
(1980, 237, 'Colonia', NULL, NULL),
(1981, 237, 'Durazno', NULL, NULL),
(1982, 237, 'Flores', NULL, NULL),
(1983, 237, 'Florida', NULL, NULL),
(1984, 237, 'Lavalleja', NULL, NULL),
(1985, 237, 'Maldonado', NULL, NULL),
(1986, 237, 'Montevideo', NULL, NULL),
(1987, 237, 'Paysandú', NULL, NULL),
(1988, 237, 'Río Negro', NULL, NULL),
(1989, 237, 'Rivera', NULL, NULL),
(1990, 237, 'Rocha', NULL, NULL),
(1991, 237, 'Salto', NULL, NULL),
(1992, 237, 'San José', NULL, NULL),
(1993, 237, 'Soriano', NULL, NULL),
(1994, 237, 'Tacuarembó', NULL, NULL),
(1995, 237, 'Treinta y Tres', NULL, NULL),
(1996, 241, 'Capital', NULL, NULL),
(1997, 241, 'Anzoátegui', NULL, NULL),
(1998, 241, 'Apure', NULL, NULL),
(1999, 241, 'Aragua', NULL, NULL),
(2000, 241, 'Barinas', NULL, NULL),
(2001, 241, 'Bolívar', NULL, NULL),
(2002, 241, 'Carabobo', NULL, NULL),
(2003, 241, 'Cojedes', NULL, NULL),
(2004, 241, 'Falcón', NULL, NULL),
(2005, 241, 'Guárico', NULL, NULL),
(2006, 241, 'Lara', NULL, NULL),
(2007, 241, 'Mérida', NULL, NULL),
(2008, 241, 'Miranda', NULL, NULL),
(2009, 241, 'Monagas', NULL, NULL),
(2010, 241, 'Nueva Esparta', NULL, NULL),
(2011, 241, 'Portuguesa', NULL, NULL),
(2012, 241, 'Sucre', NULL, NULL),
(2013, 241, 'Táchira', NULL, NULL),
(2014, 241, 'Trujillo', NULL, NULL),
(2015, 241, 'Yaracuy', NULL, NULL),
(2016, 241, 'Zulia', NULL, NULL),
(2017, 241, 'Federal Dependencies', NULL, NULL),
(2018, 241, 'La Guaira (Vargas)', NULL, NULL),
(2019, 241, 'Delta Amacuro', NULL, NULL),
(2020, 241, 'Amazonas', NULL, NULL),
(2021, 249, 'Western', NULL, NULL),
(2022, 249, 'Central', NULL, NULL),
(2023, 249, 'Eastern', NULL, NULL),
(2024, 249, 'Luapula', NULL, NULL),
(2025, 249, 'Northern', NULL, NULL),
(2026, 249, 'North-Western', NULL, NULL),
(2027, 249, 'Southern', NULL, NULL),
(2028, 249, 'Copperbelt', NULL, NULL),
(2029, 249, 'Lusaka', NULL, NULL),
(2030, 249, 'Muchinga', NULL, NULL),
(2031, 234, 'Bedfordshire', '2025-12-06 14:15:31', '2025-12-06 14:15:31'),
(2032, 234, 'Berkshire', '2025-12-06 14:15:31', '2025-12-06 14:15:31'),
(2033, 234, 'Bristol', '2025-12-06 14:15:31', '2025-12-06 14:15:31'),
(2034, 234, 'Buckinghamshire', '2025-12-06 14:15:31', '2025-12-06 14:15:31'),
(2035, 234, 'Cambridgeshire', '2025-12-06 14:15:31', '2025-12-06 14:15:31'),
(2036, 234, 'Cheshire', '2025-12-06 14:15:31', '2025-12-06 14:15:31'),
(2037, 234, 'City of London', '2025-12-06 14:15:31', '2025-12-06 14:15:31'),
(2038, 234, 'Cornwall', '2025-12-06 14:15:31', '2025-12-06 14:15:31'),
(2039, 234, 'County Durham', '2025-12-06 14:15:31', '2025-12-06 14:15:31'),
(2040, 234, 'Cumbria', '2025-12-06 14:15:31', '2025-12-06 14:15:31'),
(2041, 234, 'Derbyshire', '2025-12-06 14:15:31', '2025-12-06 14:15:31'),
(2042, 234, 'Devon', '2025-12-06 14:15:31', '2025-12-06 14:15:31'),
(2043, 234, 'Dorset', '2025-12-06 14:15:31', '2025-12-06 14:15:31'),
(2044, 234, 'East Riding of Yorkshire', '2025-12-06 14:15:31', '2025-12-06 14:15:31'),
(2045, 234, 'East Sussex', '2025-12-06 14:15:31', '2025-12-06 14:15:31'),
(2046, 234, 'Essex', '2025-12-06 14:15:31', '2025-12-06 14:15:31'),
(2047, 234, 'Gloucestershire', '2025-12-06 14:15:31', '2025-12-06 14:15:31'),
(2048, 234, 'Greater London', '2025-12-06 14:15:31', '2025-12-06 14:15:31'),
(2049, 234, 'Greater Manchester', '2025-12-06 14:15:31', '2025-12-06 14:15:31'),
(2050, 234, 'Hampshire', '2025-12-06 14:15:31', '2025-12-06 14:15:31'),
(2051, 234, 'Herefordshire', '2025-12-06 14:15:31', '2025-12-06 14:15:31'),
(2052, 234, 'Hertfordshire', '2025-12-06 14:15:31', '2025-12-06 14:15:31'),
(2053, 234, 'Isle of Wight', '2025-12-06 14:15:31', '2025-12-06 14:15:31'),
(2054, 234, 'Kent', '2025-12-06 14:15:31', '2025-12-06 14:15:31'),
(2055, 234, 'Lancashire', '2025-12-06 14:15:31', '2025-12-06 14:15:31'),
(2056, 234, 'Leicestershire', '2025-12-06 14:15:31', '2025-12-06 14:15:31'),
(2057, 234, 'Lincolnshire', '2025-12-06 14:15:31', '2025-12-06 14:15:31'),
(2058, 234, 'Merseyside', '2025-12-06 14:15:31', '2025-12-06 14:15:31'),
(2059, 234, 'Norfolk', '2025-12-06 14:15:31', '2025-12-06 14:15:31'),
(2060, 234, 'North Yorkshire', '2025-12-06 14:15:31', '2025-12-06 14:15:31'),
(2061, 234, 'Northamptonshire', '2025-12-06 14:15:31', '2025-12-06 14:15:31'),
(2062, 234, 'Northumberland', '2025-12-06 14:15:31', '2025-12-06 14:15:31'),
(2063, 234, 'Nottinghamshire', '2025-12-06 14:15:31', '2025-12-06 14:15:31'),
(2064, 234, 'Oxfordshire', '2025-12-06 14:15:31', '2025-12-06 14:15:31'),
(2065, 234, 'Rutland', '2025-12-06 14:15:31', '2025-12-06 14:15:31'),
(2066, 234, 'Shropshire', '2025-12-06 14:15:31', '2025-12-06 14:15:31'),
(2067, 234, 'Somerset', '2025-12-06 14:15:31', '2025-12-06 14:15:31'),
(2068, 234, 'South Yorkshire', '2025-12-06 14:15:31', '2025-12-06 14:15:31'),
(2069, 234, 'Staffordshire', '2025-12-06 14:15:31', '2025-12-06 14:15:31'),
(2070, 234, 'Suffolk', '2025-12-06 14:15:31', '2025-12-06 14:15:31'),
(2071, 234, 'Surrey', '2025-12-06 14:15:31', '2025-12-06 14:15:31'),
(2072, 234, 'Tyne and Wear', '2025-12-06 14:15:31', '2025-12-06 14:15:31'),
(2073, 234, 'Warwickshire', '2025-12-06 14:15:31', '2025-12-06 14:15:31'),
(2074, 234, 'West Midlands', '2025-12-06 14:15:31', '2025-12-06 14:15:31'),
(2075, 234, 'West Sussex', '2025-12-06 14:15:31', '2025-12-06 14:15:31'),
(2076, 234, 'West Yorkshire', '2025-12-06 14:15:31', '2025-12-06 14:15:31'),
(2077, 234, 'Wiltshire', '2025-12-06 14:15:31', '2025-12-06 14:15:31'),
(2078, 234, 'Worcestershire', '2025-12-06 14:15:31', '2025-12-06 14:15:31'),
(2079, 234, 'Aberdeen City', '2025-12-06 14:15:31', '2025-12-06 14:15:31'),
(2080, 234, 'Aberdeenshire', '2025-12-06 14:15:31', '2025-12-06 14:15:31'),
(2081, 234, 'Angus', '2025-12-06 14:15:31', '2025-12-06 14:15:31'),
(2082, 234, 'Argyll and Bute', '2025-12-06 14:15:31', '2025-12-06 14:15:31'),
(2083, 234, 'Clackmannanshire', '2025-12-06 14:15:31', '2025-12-06 14:15:31'),
(2084, 234, 'Dumfries and Galloway', '2025-12-06 14:15:31', '2025-12-06 14:15:31'),
(2085, 234, 'Dundee City', '2025-12-06 14:15:31', '2025-12-06 14:15:31'),
(2086, 234, 'East Ayrshire', '2025-12-06 14:15:31', '2025-12-06 14:15:31'),
(2087, 234, 'East Dunbartonshire', '2025-12-06 14:15:31', '2025-12-06 14:15:31'),
(2088, 234, 'East Lothian', '2025-12-06 14:15:31', '2025-12-06 14:15:31'),
(2089, 234, 'East Renfrewshire', '2025-12-06 14:15:31', '2025-12-06 14:15:31'),
(2090, 234, 'Edinburgh', '2025-12-06 14:15:31', '2025-12-06 14:15:31'),
(2091, 234, 'Falkirk', '2025-12-06 14:15:31', '2025-12-06 14:15:31'),
(2092, 234, 'Fife', '2025-12-06 14:15:31', '2025-12-06 14:15:31'),
(2093, 234, 'Glasgow City', '2025-12-06 14:15:31', '2025-12-06 14:15:31'),
(2094, 234, 'Highland', '2025-12-06 14:15:31', '2025-12-06 14:15:31'),
(2095, 234, 'Inverclyde', '2025-12-06 14:15:31', '2025-12-06 14:15:31'),
(2096, 234, 'Midlothian', '2025-12-06 14:15:31', '2025-12-06 14:15:31'),
(2097, 234, 'Moray', '2025-12-06 14:15:31', '2025-12-06 14:15:31'),
(2098, 234, 'North Ayrshire', '2025-12-06 14:15:31', '2025-12-06 14:15:31'),
(2099, 234, 'North Lanarkshire', '2025-12-06 14:15:31', '2025-12-06 14:15:31'),
(2100, 234, 'Orkney Islands', '2025-12-06 14:15:31', '2025-12-06 14:15:31'),
(2101, 234, 'Perth and Kinross', '2025-12-06 14:15:31', '2025-12-06 14:15:31'),
(2102, 234, 'Renfrewshire', '2025-12-06 14:15:31', '2025-12-06 14:15:31'),
(2103, 234, 'Scottish Borders', '2025-12-06 14:15:31', '2025-12-06 14:15:31'),
(2104, 234, 'Shetland Islands', '2025-12-06 14:15:31', '2025-12-06 14:15:31'),
(2105, 234, 'South Ayrshire', '2025-12-06 14:15:31', '2025-12-06 14:15:31'),
(2106, 234, 'South Lanarkshire', '2025-12-06 14:15:31', '2025-12-06 14:15:31'),
(2107, 234, 'Stirling', '2025-12-06 14:15:31', '2025-12-06 14:15:31'),
(2108, 234, 'West Dunbartonshire', '2025-12-06 14:15:31', '2025-12-06 14:15:31'),
(2109, 234, 'West Lothian', '2025-12-06 14:15:31', '2025-12-06 14:15:31'),
(2110, 234, 'Anglesey', '2025-12-06 14:15:31', '2025-12-06 14:15:31'),
(2111, 234, 'Blaenau Gwent', '2025-12-06 14:15:31', '2025-12-06 14:15:31'),
(2112, 234, 'Bridgend', '2025-12-06 14:15:31', '2025-12-06 14:15:31'),
(2113, 234, 'Caerphilly', '2025-12-06 14:15:31', '2025-12-06 14:15:31'),
(2114, 234, 'Cardiff', '2025-12-06 14:15:31', '2025-12-06 14:15:31'),
(2115, 234, 'Carmarthenshire', '2025-12-06 14:15:31', '2025-12-06 14:15:31'),
(2116, 234, 'Ceredigion', '2025-12-06 14:15:31', '2025-12-06 14:15:31'),
(2117, 234, 'Conwy', '2025-12-06 14:15:31', '2025-12-06 14:15:31'),
(2118, 234, 'Denbighshire', '2025-12-06 14:15:31', '2025-12-06 14:15:31'),
(2119, 234, 'Flintshire', '2025-12-06 14:15:31', '2025-12-06 14:15:31'),
(2120, 234, 'Gwynedd', '2025-12-06 14:15:31', '2025-12-06 14:15:31'),
(2121, 234, 'Merthyr Tydfil', '2025-12-06 14:15:31', '2025-12-06 14:15:31'),
(2122, 234, 'Monmouthshire', '2025-12-06 14:15:31', '2025-12-06 14:15:31'),
(2123, 234, 'Neath Port Talbot', '2025-12-06 14:15:31', '2025-12-06 14:15:31'),
(2124, 234, 'Newport', '2025-12-06 14:15:31', '2025-12-06 14:15:31'),
(2125, 234, 'Pembrokeshire', '2025-12-06 14:15:31', '2025-12-06 14:15:31'),
(2126, 234, 'Powys', '2025-12-06 14:15:31', '2025-12-06 14:15:31'),
(2127, 234, 'Rhondda Cynon Taf', '2025-12-06 14:15:31', '2025-12-06 14:15:31'),
(2128, 234, 'Swansea', '2025-12-06 14:15:31', '2025-12-06 14:15:31'),
(2129, 234, 'Torfaen', '2025-12-06 14:15:31', '2025-12-06 14:15:31'),
(2130, 234, 'Vale of Glamorgan', '2025-12-06 14:15:31', '2025-12-06 14:15:31'),
(2131, 234, 'Wrexham', '2025-12-06 14:15:31', '2025-12-06 14:15:31'),
(2132, 234, 'Antrim and Newtownabbey', '2025-12-06 14:15:31', '2025-12-06 14:15:31'),
(2133, 234, 'Ards and North Down', '2025-12-06 14:15:31', '2025-12-06 14:15:31'),
(2134, 234, 'Armagh City, Banbridge and Craigavon', '2025-12-06 14:15:31', '2025-12-06 14:15:31'),
(2135, 234, 'Belfast', '2025-12-06 14:15:31', '2025-12-06 14:15:31'),
(2136, 234, 'Causeway Coast and Glens', '2025-12-06 14:15:31', '2025-12-06 14:15:31'),
(2137, 234, 'Derry City and Strabane', '2025-12-06 14:15:31', '2025-12-06 14:15:31'),
(2138, 234, 'Fermanagh and Omagh', '2025-12-06 14:15:31', '2025-12-06 14:15:31'),
(2139, 234, 'Lisburn and Castlereagh', '2025-12-06 14:15:31', '2025-12-06 14:15:31'),
(2140, 234, 'Mid and East Antrim', '2025-12-06 14:15:31', '2025-12-06 14:15:31'),
(2141, 234, 'Mid Ulster', '2025-12-06 14:15:31', '2025-12-06 14:15:31'),
(2142, 234, 'Newry, Mourne and Down', '2025-12-06 14:15:31', '2025-12-06 14:15:31');

-- --------------------------------------------------------

--
-- Table structure for table `users`
--

DROP TABLE IF EXISTS `users`;
CREATE TABLE IF NOT EXISTS `users` (
  `id` bigint UNSIGNED NOT NULL AUTO_INCREMENT,
  `first_name` varchar(255) CHARACTER SET utf8mb4 COLLATE utf8mb4_unicode_ci NOT NULL,
  `last_name` varchar(255) CHARACTER SET utf8mb4 COLLATE utf8mb4_unicode_ci NOT NULL,
  `mobile` varchar(255) CHARACTER SET utf8mb4 COLLATE utf8mb4_unicode_ci NOT NULL,
  `email` varchar(191) CHARACTER SET utf8mb4 COLLATE utf8mb4_unicode_ci NOT NULL,
  `password` varchar(191) CHARACTER SET utf8mb4 COLLATE utf8mb4_unicode_ci NOT NULL,
  `image` varchar(255) CHARACTER SET utf8mb4 COLLATE utf8mb4_unicode_ci DEFAULT NULL,
  `otp` varchar(255) CHARACTER SET utf8mb4 COLLATE utf8mb4_unicode_ci DEFAULT NULL,
  `otp_expires_at` datetime DEFAULT NULL,
  `email_verified_at` timestamp NULL DEFAULT NULL,
  `remember_token` varchar(100) CHARACTER SET utf8mb4 COLLATE utf8mb4_unicode_ci DEFAULT NULL,
  `status` enum('active','inactive','pending') CHARACTER SET utf8mb4 COLLATE utf8mb4_unicode_ci NOT NULL DEFAULT 'pending',
  `created_at` timestamp NULL DEFAULT NULL,
  `updated_at` timestamp NULL DEFAULT NULL,
  `registration_type` enum('self','admin','import') CHARACTER SET utf8mb4 COLLATE utf8mb4_unicode_ci NOT NULL DEFAULT 'self',
  `created_by_admin` int DEFAULT NULL,
  `approved_by` int DEFAULT NULL,
  `approved_at` datetime DEFAULT NULL,
  PRIMARY KEY (`id`),
  UNIQUE KEY `users_email_unique` (`email`)
) ENGINE=MyISAM AUTO_INCREMENT=9 DEFAULT CHARSET=utf8mb4 COLLATE=utf8mb4_unicode_ci;

--
-- Dumping data for table `users`
--

INSERT INTO `users` (`id`, `first_name`, `last_name`, `mobile`, `email`, `password`, `image`, `otp`, `otp_expires_at`, `email_verified_at`, `remember_token`, `status`, `created_at`, `updated_at`, `registration_type`, `created_by_admin`, `approved_by`, `approved_at`) VALUES
(1, 'kamal', 'sharma', '8952939854', 'kamalji010@gmail.com', '$2y$12$dmVmgIRcXp5NGlT3cp.PUO5uBJdf4TWfaeUihyngUaV5Ec8QzISJy', 'profile_images/Q0I0jmHA0ZtgRoeqbFgArM89sTWAwu76oATUPta6.png', NULL, NULL, NULL, NULL, 'active', '2025-12-31 05:12:22', '2026-03-12 06:25:08', 'self', 1, NULL, '2026-01-06 11:27:32'),
(2, 'kamal', 'sharma', '8952939854', 'kamalji020@gmail.com', '$2y$12$M32yoy72ILYLHL5KshKQY.rSwmNwl7e7EhIApzKFMneRUl.xFLswC', NULL, NULL, NULL, NULL, NULL, 'active', '2026-01-22 04:50:55', '2026-01-22 04:50:55', 'admin', 1, 1, '2026-01-22 10:20:55'),
(8, 'kumawat', 'kumawat', '8952939854', 'kumawat.kumar.arun@gmail.com', '$2y$12$XoL6BXwTqQVjwHJx1V4XfurK1TDTdbkeYbf9bZHMfglxWcgHSvbrC', 'users/1773479895_69b527d707300.png', NULL, NULL, NULL, NULL, 'active', '2026-03-14 03:48:22', '2026-03-14 03:48:22', 'admin', 1, 1, '2026-03-14 09:18:15');

-- --------------------------------------------------------

--
-- Table structure for table `user_profiles`
--

DROP TABLE IF EXISTS `user_profiles`;
CREATE TABLE IF NOT EXISTS `user_profiles` (
  `id` bigint NOT NULL AUTO_INCREMENT,
  `user_id` bigint NOT NULL,
  `dob` date DEFAULT NULL,
  `anniversary` date DEFAULT NULL,
  `gender` enum('male','female','other') DEFAULT NULL,
  `address1` longtext,
  `address2` longtext,
  `city` varchar(100) DEFAULT NULL,
  `zip` varchar(20) DEFAULT NULL,
  `region_id` bigint DEFAULT NULL,
  `country_id` bigint DEFAULT NULL,
  `created_at` timestamp NULL DEFAULT NULL,
  `updated_at` timestamp NULL DEFAULT NULL,
  PRIMARY KEY (`id`)
) ENGINE=MyISAM DEFAULT CHARSET=utf8mb4 COLLATE=utf8mb4_0900_ai_ci;

--
-- Constraints for dumped tables
--

--
-- Constraints for table `model_has_permissions`
--
ALTER TABLE `model_has_permissions`
  ADD CONSTRAINT `model_has_permissions_permission_id_foreign` FOREIGN KEY (`permission_id`) REFERENCES `permissions` (`id`) ON DELETE CASCADE;

--
-- Constraints for table `model_has_roles`
--
ALTER TABLE `model_has_roles`
  ADD CONSTRAINT `model_has_roles_role_id_foreign` FOREIGN KEY (`role_id`) REFERENCES `roles` (`id`) ON DELETE CASCADE;

--
-- Constraints for table `role_has_permissions`
--
ALTER TABLE `role_has_permissions`
  ADD CONSTRAINT `role_has_permissions_permission_id_foreign` FOREIGN KEY (`permission_id`) REFERENCES `permissions` (`id`) ON DELETE CASCADE,
  ADD CONSTRAINT `role_has_permissions_role_id_foreign` FOREIGN KEY (`role_id`) REFERENCES `roles` (`id`) ON DELETE CASCADE;
COMMIT;

/*!40101 SET CHARACTER_SET_CLIENT=@OLD_CHARACTER_SET_CLIENT */;
/*!40101 SET CHARACTER_SET_RESULTS=@OLD_CHARACTER_SET_RESULTS */;
/*!40101 SET COLLATION_CONNECTION=@OLD_COLLATION_CONNECTION */;
